Education,Age,Genre,Origine,Domestication,VaccinationDesAnimaux,MorsureDeChien,Deces,PropagationParLesChiens,Transmission,VaccinationPreventive,Campagne,VaccinationPersonnelle,ConnaissanceAvantLaVaccination,ConnaissanceApresLaVaccination,Signes,Enrage,Medecin,FamilierAtteint,Installations,VaccinationAbordable,PreferencePourLaVaccination,ID_Repondant
F,1,1,2,2,2,1,1,1,2,1,2,2,1,1,2,2,1,1,2,1,1,Respondent1
F,1,2,1,1,2,1,1,1,1,1,2,2,2,1,1,1,2,2,2,2,1,Respondent2
F,1,2,2,2,2,1,2,2,1,1,2,2,2,1,2,1,2,2,2,1,1,Respondent3
F,1,2,2,2,2,1,2,2,1,1,2,2,2,1,1,1,2,2,2,2,1,Respondent4
F,1,2,2,2,2,1,1,2,1,1,2,2,2,1,1,1,2,2,2,2,1,Respondent5
F,1,2,2,2,2,1,1,1,2,1,2,2,2,1,2,1,2,1,2,2,1,Respondent6
F,1,2,1,1,2,1,1,1,1,1,2,2,2,1,1,1,2,2,2,2,1,Respondent7
F,1,2,1,2,2,1,1,1,2,1,2,2,1,2,1,1,2,2,2,1,1,Respondent8
F,1,2,1,2,2,1,1,1,2,1,2,2,2,1,1,1,2,2,2,2,1,Respondent9
F,1,2,1,2,2,1,1,1,2,2,2,2,1,1,1,2,2,2,2,2,1,Respondent10
F,1,2,2,2,2,1,1,1,2,1,2,2,2,1,1,1,2,2,2,2,1,Respondent11
F,1,2,1,1,2,1,1,1,1,1,2,2,2,1,1,1,1,2,2,2,1,Respondent12
F,1,2,2,1,2,1,1,1,2,1,2,2,2,1,1,1,2,2,1,2,2,Respondent13
F,1,2,1,1,2,1,1,1,1,1,2,2,2,1,1,1,2,2,2,1,1,Respondent14
F,1,2,1,2,2,1,1,1,2,1,2,2,2,1,2,1,2,2,2,2,1,Respondent15
F,1,2,1,2,2,1,1,2,2,1,2,2,2,1,2,1,2,2,2,1,1,Respondent16
F,1,2,1,1,2,1,1,1,2,1,2,2,2,2,1,1,2,2,2,2,1,Respondent17
F,1,2,2,2,2,1,1,2,2,1,2,2,2,1,2,1,2,2,2,2,1,Respondent18
F,1,2,2,1,2,1,2,1,2,1,2,2,2,1,1,2,2,2,2,2,2,Respondent19
F,1,2,2,2,2,1,2,2,2,1,2,2,2,1,1,1,2,2,2,2,1,Respondent20
F,1,2,2,2,2,1,2,1,2,1,2,2,2,1,2,1,2,2,2,2,1,Respondent21
F,1,2,1,1,2,1,2,1,2,1,1,2,2,1,1,1,2,2,2,2,1,Respondent22
F,1,2,2,2,2,1,2,1,2,2,1,1,1,2,2,2,1,1,2,2,1,Respondent23
F,1,2,2,1,2,1,2,1,2,1,1,2,2,1,1,1,2,2,2,2,1,Respondent24
F,1,2,2,2,2,1,2,1,2,1,2,2,2,1,1,1,2,2,2,2,1,Respondent25
F,1,2,2,2,2,1,2,1,2,1,2,2,2,1,1,1,1,2,2,2,1,Respondent26
F,1,2,2,1,2,1,1,2,2,1,2,2,2,1,1,1,2,2,2,2,2,Respondent27
F,1,2,1,1,2,1,1,2,2,1,2,2,2,1,1,1,2,1,2,2,1,Respondent28
F,1,2,2,1,2,1,1,1,2,1,2,2,2,2,2,1,1,2,2,2,1,Respondent29
F,1,2,2,2,2,1,1,1,2,1,2,2,2,2,1,1,2,2,2,2,1,Respondent30
F,1,2,2,1,2,1,1,2,2,1,2,2,2,1,1,1,2,2,2,2,1,Respondent31
F,1,2,2,2,2,1,1,1,2,1,2,2,2,1,1,1,2,2,2,2,1,Respondent32
F,1,2,2,2,2,1,1,1,2,1,2,2,2,2,2,1,2,2,2,2,1,Respondent33
F,1,2,2,2,2,1,1,1,1,1,2,2,2,1,1,1,2,2,2,2,1,Respondent34
F,1,2,2,1,2,1,1,1,2,1,2,2,2,2,1,1,2,1,1,1,2,Respondent35
F,1,2,1,2,2,1,1,1,2,1,2,2,2,1,1,1,2,2,2,2,1,Respondent36
F,1,2,2,2,2,1,2,1,2,1,2,2,2,1,2,1,2,2,2,2,1,Respondent37
F,1,2,2,2,2,1,1,1,2,1,2,2,2,1,2,2,2,2,2,2,1,Respondent38
F,1,2,2,2,2,1,2,1,2,1,2,2,2,1,2,1,2,2,2,2,1,Respondent39
F,1,2,2,2,2,1,1,2,1,1,2,2,2,1,1,1,1,1,2,2,1,Respondent40
F,1,2,2,2,2,1,1,1,2,1,2,2,2,1,1,1,2,2,2,2,1,Respondent41
F,1,2,2,2,2,1,1,1,1,1,2,2,2,1,1,2,2,2,2,1,1,Respondent42
F,1,2,2,2,2,1,1,1,2,1,2,2,2,1,1,1,2,2,2,2,1,Respondent43
F,1,2,2,2,2,1,1,1,2,2,2,2,1,2,1,2,2,2,2,1,1,Respondent44
F,1,2,2,1,2,1,1,1,2,1,2,2,2,1,1,1,2,2,2,2,1,Respondent45
F,1,2,2,2,2,1,1,1,2,1,2,2,2,1,1,1,2,2,2,2,1,Respondent46
F,1,2,2,2,2,1,1,1,1,1,2,2,2,1,1,1,2,2,2,2,1,Respondent47
F,1,2,2,2,2,1,1,1,1,1,2,2,2,1,1,1,2,2,2,2,1,Respondent48
F,1,2,2,2,2,1,1,1,2,1,2,2,2,1,2,1,2,2,2,2,1,Respondent49
F,1,2,2,2,2,1,1,1,2,1,2,2,1,1,1,1,1,2,2,2,1,Respondent50
F,1,2,1,2,2,1,2,1,2,1,2,2,2,1,2,1,2,2,2,2,1,Respondent51
F,1,2,2,2,2,1,2,1,2,1,2,2,2,1,1,1,2,2,2,2,1,Respondent52
F,1,2,2,2,2,1,2,1,2,1,2,2,2,1,1,1,2,2,2,2,1,Respondent53
F,1,2,2,2,2,1,2,1,2,1,2,2,1,1,1,1,2,1,2,2,1,Respondent54
F,1,2,2,2,2,1,2,1,2,1,2,2,1,1,2,1,2,2,1,1,2,Respondent55
F,1,2,1,2,2,1,2,1,2,1,2,2,2,1,1,1,2,2,2,1,2,Respondent56
F,1,2,2,2,2,1,2,1,2,1,2,2,2,1,2,1,2,1,1,2,2,Respondent57
F,1,2,2,2,2,1,2,1,2,1,2,2,2,1,2,1,2,1,1,2,2,Respondent58
F,1,2,2,1,2,1,2,1,2,1,2,2,2,1,2,1,2,1,1,2,2,Respondent59
F,1,2,1,2,2,1,2,1,2,1,2,2,2,1,1,1,1,1,1,1,1,Respondent60
F,1,2,2,1,2,1,2,1,2,1,2,2,2,1,1,1,2,2,1,2,1,Respondent61
F,1,2,1,2,2,1,2,1,2,1,2,2,2,1,2,1,2,2,2,1,1,Respondent62
F,1,2,2,2,2,1,2,1,2,2,2,2,1,2,2,1,2,2,1,1,2,Respondent63
F,1,2,2,2,2,1,2,1,2,1,2,2,2,1,2,1,2,1,1,1,1,Respondent64
F,1,2,2,1,2,1,2,1,2,1,2,2,2,1,1,1,2,1,1,1,1,Respondent65
F,1,2,2,1,2,1,2,1,2,1,2,2,2,1,2,1,2,1,1,1,1,Respondent66
F,1,2,2,1,2,1,2,1,2,1,2,2,2,1,2,1,2,1,1,1,1,Respondent67
F,1,2,2,2,2,1,1,1,1,1,2,2,1,1,1,1,2,1,1,1,1,Respondent68
F,1,2,2,2,2,1,2,1,2,1,2,2,2,1,1,1,1,1,1,1,1,Respondent69
F,1,2,1,2,2,1,1,1,2,1,2,2,2,1,1,1,2,1,2,2,1,Respondent70
F,1,2,1,2,2,1,1,1,2,1,2,2,2,1,2,1,2,2,2,2,1,Respondent71
F,1,2,2,2,2,1,1,1,1,1,2,2,2,1,2,1,2,1,1,2,1,Respondent72
F,1,2,2,2,2,1,1,1,1,1,2,2,2,1,2,1,2,1,2,1,1,Respondent73
F,1,2,2,1,2,1,1,1,1,1,2,2,2,1,2,1,2,1,1,1,1,Respondent74
F,1,2,2,1,2,1,1,1,2,1,2,2,2,1,2,1,2,1,1,1,1,Respondent75
F,1,2,1,2,2,1,2,1,2,1,2,2,2,1,2,1,2,1,1,2,1,Respondent76
F,1,2,1,2,2,1,1,1,2,1,2,2,2,1,2,1,2,1,1,1,1,Respondent77
F,1,2,1,1,2,1,1,1,2,1,2,2,1,1,1,1,2,2,2,1,1,Respondent78
F,1,2,1,1,2,1,1,1,2,1,2,2,1,1,1,1,2,1,1,1,2,Respondent79
F,1,2,2,2,2,1,1,1,2,1,2,2,1,1,1,2,1,2,1,2,1,Respondent80
F,1,2,2,2,2,1,1,1,1,1,2,2,1,1,1,1,2,1,2,2,1,Respondent81
F,1,2,1,1,1,1,1,1,2,1,2,2,1,1,2,1,2,2,2,1,1,Respondent82
F,1,2,2,2,2,1,1,1,2,1,2,2,1,1,1,1,2,1,2,1,1,Respondent83
F,1,2,1,1,2,1,1,1,1,1,2,2,1,1,1,1,2,1,2,1,1,Respondent84
F,1,2,2,2,2,1,1,1,2,1,2,2,1,1,2,2,2,2,1,2,1,Respondent85
F,1,2,1,1,2,1,1,1,2,1,2,2,1,1,1,1,2,1,2,1,2,Respondent86
F,1,2,1,2,2,1,1,1,2,1,2,2,2,1,2,1,2,2,1,2,1,Respondent87
F,1,2,1,2,2,1,1,1,2,1,2,2,1,2,2,1,2,2,2,2,1,Respondent88
F,1,2,2,2,2,1,1,1,2,1,2,2,2,1,2,1,2,1,2,1,1,Respondent89
F,1,2,1,1,2,1,1,1,2,1,2,2,1,2,1,1,2,2,2,2,1,Respondent90
F,1,2,1,1,2,1,1,1,2,1,2,2,1,2,1,1,2,2,2,2,1,Respondent91
F,1,2,1,2,2,1,1,1,2,2,2,2,1,2,2,1,1,1,1,1,1,Respondent92
F,1,2,1,2,2,1,1,1,2,1,2,2,1,1,2,1,2,1,2,2,1,Respondent93
F,1,2,1,2,2,1,1,1,2,1,2,2,1,1,2,1,2,1,2,2,1,Respondent94
F,1,2,2,2,2,1,1,1,2,1,2,2,2,1,1,1,2,1,2,2,2,Respondent95
F,1,2,2,2,2,1,1,1,2,1,2,2,2,1,1,1,2,2,2,2,1,Respondent96
F,1,2,2,2,2,1,1,1,2,1,2,2,2,1,1,1,2,2,2,2,1,Respondent97
F,1,2,2,2,2,1,2,1,2,1,2,2,1,1,1,1,2,2,1,2,1,Respondent98
F,1,2,2,2,2,1,2,2,2,1,2,2,1,1,2,1,2,1,2,2,2,Respondent99
F,1,2,1,2,2,1,1,1,2,1,2,2,2,1,2,1,2,1,1,1,1,Respondent100
F,1,2,1,2,2,1,1,1,2,1,2,2,1,1,1,1,2,1,1,1,1,Respondent101
F,1,2,2,1,2,1,1,1,2,1,2,2,2,1,1,1,2,1,1,1,1,Respondent102
F,1,2,2,2,2,1,1,1,2,1,2,2,2,1,1,1,2,2,2,2,1,Respondent103
B,1,2,2,1,2,1,1,1,2,1,2,2,2,1,2,1,2,2,2,1,1,Respondent104
F,1,2,2,1,2,1,1,1,2,1,2,2,2,1,1,1,2,1,2,2,1,Respondent105
F,1,2,2,2,2,1,1,1,2,1,2,2,2,1,2,1,2,1,2,2,1,Respondent106
F,1,2,2,2,2,1,1,1,2,1,2,2,2,1,2,1,2,1,2,2,2,Respondent107
B,1,2,2,2,2,1,1,1,1,2,2,1,1,1,2,2,2,2,1,2,1,Respondent108
B,1,2,1,1,2,1,1,1,2,1,2,2,2,2,2,2,1,1,1,1,1,Respondent109
B,1,2,1,2,1,1,1,1,1,2,2,2,2,1,1,2,1,1,1,1,1,Respondent110
B,1,2,1,2,2,1,1,1,1,2,2,1,2,2,2,2,1,1,2,1,2,Respondent111
B,1,2,1,2,2,1,1,1,1,2,1,2,2,2,2,1,1,2,1,1,1,Respondent112
B,1,2,1,2,1,1,1,1,1,1,2,2,2,2,2,2,2,2,1,1,1,Respondent113
B,1,2,1,2,2,1,1,1,1,2,1,2,2,2,2,1,1,2,2,2,1,Respondent114
B,1,2,2,2,2,1,1,1,2,1,2,2,2,2,1,1,2,1,2,1,2,Respondent115
B,1,2,2,2,2,1,1,1,1,1,2,2,2,2,2,1,2,2,2,2,2,Respondent116
B,1,2,2,2,2,1,1,1,1,2,2,2,2,2,2,1,2,2,2,1,2,Respondent117
B,1,2,2,2,2,1,1,1,1,1,2,2,2,2,2,1,2,2,2,1,2,Respondent118
B,1,2,2,2,2,1,1,1,2,2,1,1,1,1,1,1,2,1,1,1,1,Respondent119
B,1,2,2,1,2,1,1,1,1,1,2,2,2,2,2,1,2,2,2,1,1,Respondent120
B,1,2,2,2,2,1,1,1,1,1,2,2,2,2,2,2,2,2,1,1,1,Respondent121
B,1,2,2,1,2,1,1,1,1,1,2,2,2,2,1,1,2,1,2,1,1,Respondent122
B,1,2,1,1,1,1,1,1,1,2,1,2,2,2,2,1,1,2,2,2,2,Respondent123
B,1,2,2,1,2,1,1,1,1,1,2,2,2,1,1,1,2,1,2,2,1,Respondent124
M,1,1,2,1,2,1,2,1,1,1,1,2,2,1,1,2,1,2,2,2,1,Respondent125
A,1,1,1,1,2,1,1,1,1,2,2,2,1,1,2,2,1,1,2,2,1,Respondent126
A,1,1,2,2,1,1,2,1,2,1,2,1,1,1,1,1,1,1,1,1,1,Respondent127
M,1,1,1,1,2,1,1,1,1,1,2,2,1,1,2,1,1,1,1,2,2,Respondent128
A,1,1,2,1,2,1,1,1,2,2,2,2,1,1,1,1,2,2,2,2,1,Respondent129
F,1,1,1,2,2,1,1,1,1,1,2,2,1,1,1,1,2,2,2,2,1,Respondent130
F,1,1,1,2,2,1,1,1,1,2,1,1,1,1,1,1,1,2,2,2,2,Respondent131
F,1,1,1,2,1,1,1,1,1,2,2,1,1,1,1,2,2,2,2,2,2,Respondent132
F,1,1,2,2,2,1,1,1,2,1,2,2,1,1,2,2,1,2,2,2,1,Respondent133
F,1,1,2,2,2,1,1,1,2,1,2,2,2,2,2,1,1,2,2,2,1,Respondent134
F,1,1,1,1,1,1,1,1,1,1,1,2,2,1,2,1,1,2,2,2,1,Respondent135
F,1,1,2,2,2,1,1,1,2,2,2,1,2,2,1,2,2,2,1,1,1,Respondent136
F,1,1,2,1,2,1,1,1,1,1,1,2,1,1,1,1,2,1,1,1,1,Respondent137
F,1,1,2,1,1,1,2,1,1,2,2,2,1,2,1,2,1,2,1,2,1,Respondent138
F,1,1,1,1,2,1,1,1,1,1,2,2,1,1,1,1,2,2,2,2,1,Respondent139
F,1,1,1,1,1,1,1,2,1,2,1,1,2,1,1,1,1,2,2,1,1,Respondent140
F,1,1,2,1,2,1,1,1,2,2,2,1,2,2,1,1,2,2,2,2,1,Respondent141
F,1,1,2,2,2,1,1,1,2,1,2,2,1,1,2,2,2,2,2,2,1,Respondent142
F,1,1,2,2,2,1,1,1,2,1,2,2,1,1,2,1,1,2,2,1,1,Respondent143
F,1,1,1,2,2,1,1,1,1,1,2,2,1,1,2,1,2,1,2,1,1,Respondent144
F,1,1,1,1,2,1,1,1,1,1,1,1,1,1,1,1,1,1,2,1,1,Respondent145
F,1,1,1,2,2,1,1,1,2,2,1,1,1,1,1,1,1,2,2,1,1,Respondent146
F,1,1,1,2,2,1,1,1,1,2,1,1,2,2,2,2,2,2,2,2,1,Respondent147
F,1,1,1,1,2,1,1,1,1,1,2,2,2,1,2,1,1,2,1,2,1,Respondent148
F,1,2,1,2,2,1,1,1,2,1,2,2,1,1,2,2,2,2,2,1,1,Respondent149
F,1,1,2,2,2,1,1,1,2,1,1,1,1,1,2,1,2,2,2,1,1,Respondent150
F,1,1,1,2,2,1,1,1,2,1,2,2,1,1,1,1,1,1,2,1,1,Respondent151
F,1,1,2,1,1,1,1,1,2,1,2,2,1,1,1,1,1,2,2,1,1,Respondent152
F,1,1,2,1,2,1,1,1,2,1,2,2,1,1,1,1,1,2,2,1,1,Respondent153
F,1,1,2,1,2,1,1,1,2,1,2,2,1,1,1,2,2,1,1,1,1,Respondent154
F,1,1,1,1,2,1,1,1,1,2,2,1,1,2,2,2,2,2,2,1,1,Respondent155
F,1,1,1,2,2,1,1,1,2,2,2,2,1,1,1,1,1,2,1,2,1,Respondent156
F,1,1,1,1,2,1,1,1,1,2,1,2,2,1,2,2,2,2,2,2,1,Respondent157
F,1,1,1,1,2,1,1,1,2,1,2,2,1,1,2,1,2,2,2,2,1,Respondent158
F,1,1,2,2,2,1,1,1,1,2,2,2,1,2,2,1,2,2,1,2,1,Respondent159
F,1,1,2,1,2,1,2,1,1,2,2,2,1,2,1,1,2,2,2,1,1,Respondent160
F,1,1,1,2,2,1,1,1,1,1,2,1,1,2,2,1,1,2,1,1,1,Respondent161
F,1,1,1,2,2,1,1,1,1,1,2,2,1,2,1,2,1,1,2,1,2,Respondent162
F,1,1,2,1,2,1,1,1,2,1,2,1,1,1,1,2,2,2,1,1,1,Respondent163
F,1,1,1,1,1,1,1,1,2,1,2,2,1,1,1,2,2,1,2,2,1,Respondent164
F,1,1,1,1,2,1,1,1,2,1,2,2,2,1,1,1,1,2,1,2,1,Respondent165
F,1,1,2,1,2,1,2,1,2,2,2,2,1,2,2,2,2,2,2,2,1,Respondent166
F,1,1,1,1,2,1,1,1,2,2,2,2,2,2,2,2,2,2,2,2,1,Respondent167
F,1,1,1,1,2,1,1,1,1,1,2,2,1,2,1,2,1,1,1,2,1,Respondent168
F,1,1,1,2,2,1,1,1,1,2,1,2,2,1,2,2,2,2,2,2,1,Respondent169
F,1,1,1,1,1,1,1,1,2,1,2,2,1,1,1,2,2,2,2,2,1,Respondent170
F,1,1,1,1,2,1,1,1,1,1,2,2,1,1,1,1,2,1,1,2,1,Respondent171
F,1,1,2,1,2,1,1,1,1,1,2,2,1,2,2,1,2,2,2,1,1,Respondent172
F,1,1,2,2,2,1,1,1,2,1,2,2,2,1,2,1,2,2,2,2,1,Respondent173
F,1,1,2,2,2,1,1,1,2,1,2,2,2,2,1,1,2,2,1,1,1,Respondent174
F,1,1,1,1,2,1,1,1,2,1,1,2,1,1,1,1,1,1,1,2,1,Respondent175
F,1,1,1,1,2,1,2,1,1,1,2,2,1,1,2,1,1,2,2,2,1,Respondent176
F,1,1,1,2,1,1,1,1,1,2,1,1,2,2,1,2,2,2,2,2,1,Respondent177
F,1,1,1,1,2,1,1,1,2,1,2,2,2,1,1,1,1,1,2,2,1,Respondent178
F,1,1,1,1,2,1,1,1,2,1,1,1,1,1,1,1,2,2,2,1,1,Respondent179
F,1,1,2,2,1,1,1,1,1,2,2,1,1,2,2,2,1,2,1,2,1,Respondent180
F,1,1,2,2,2,1,1,1,1,1,2,2,1,1,2,2,2,2,1,2,1,Respondent181
F,1,1,2,2,2,1,1,1,1,1,2,2,1,1,1,2,2,2,2,1,1,Respondent182
F,1,1,2,2,2,1,1,1,2,2,2,2,1,2,1,2,2,2,2,2,1,Respondent183
F,1,1,2,2,2,1,1,1,1,1,2,2,2,1,1,1,2,2,2,2,1,Respondent184
F,1,1,2,2,2,1,1,1,1,1,2,2,1,1,1,2,2,2,2,2,1,Respondent185
F,1,1,1,1,1,1,1,2,2,1,2,2,1,1,2,2,1,2,2,2,1,Respondent186
F,1,1,1,1,2,1,1,1,1,2,2,2,2,2,1,1,2,1,2,2,1,Respondent187
F,1,1,1,1,2,1,1,1,1,2,2,2,2,1,2,1,1,2,2,2,1,Respondent188
F,1,1,1,1,2,1,1,2,2,2,2,1,1,1,2,2,2,2,2,2,1,Respondent189
F,1,1,1,1,2,1,1,1,2,2,2,2,1,1,2,1,2,2,2,1,1,Respondent190
F,1,1,1,1,2,1,1,1,2,2,2,2,1,1,2,1,2,2,1,1,1,Respondent191
F,1,1,2,1,2,1,1,1,1,1,2,2,1,1,2,1,2,2,2,1,1,Respondent192
F,1,1,2,2,2,1,1,1,1,1,2,2,1,2,2,2,2,2,2,1,1,Respondent193
F,1,1,2,2,2,1,1,1,1,1,2,2,1,1,2,1,2,2,2,2,1,Respondent194
F,1,1,2,2,2,1,1,1,1,1,2,2,1,1,1,1,2,2,2,1,1,Respondent195
F,1,1,1,1,2,1,1,1,2,1,2,2,1,2,1,1,2,1,2,1,1,Respondent196
F,1,1,1,1,2,1,1,1,2,1,2,2,1,1,2,2,2,2,2,2,1,Respondent197
F,1,1,1,1,2,1,1,1,2,1,2,2,1,1,1,1,2,2,2,2,1,Respondent198
F,1,1,2,1,2,1,1,1,1,1,2,2,1,1,1,2,2,2,2,2,1,Respondent199
F,1,1,2,1,2,1,1,1,2,2,2,2,2,1,1,2,1,1,2,2,1,Respondent200
F,1,1,2,2,2,1,1,1,1,1,2,2,1,1,2,1,2,2,2,2,1,Respondent201
F,1,1,1,1,2,1,1,1,2,1,2,2,1,1,2,1,1,2,2,2,1,Respondent202
F,1,1,1,1,2,1,1,1,1,1,2,2,1,1,1,2,2,1,2,1,1,Respondent203
F,1,1,1,1,2,1,1,1,1,1,2,2,1,1,1,1,2,2,2,2,1,Respondent204
F,1,1,1,1,2,1,1,1,2,1,2,2,1,1,2,2,2,2,2,2,1,Respondent205
F,1,1,1,1,2,1,1,1,2,1,2,2,1,1,2,1,1,2,2,1,1,Respondent206
F,1,1,1,1,2,1,1,1,2,1,2,2,1,2,2,2,1,2,2,1,1,Respondent207
F,1,1,2,2,2,1,1,1,1,1,1,2,1,1,2,1,2,1,2,1,1,Respondent208
F,1,1,2,1,2,1,2,1,1,1,2,2,1,1,2,1,2,1,2,1,1,Respondent209
F,1,1,1,1,1,1,1,1,1,2,2,2,2,1,2,2,2,2,2,2,1,Respondent210
F,1,1,2,2,2,1,1,1,1,1,1,2,2,1,1,2,2,2,2,2,2,Respondent211
A,1,1,1,1,2,1,1,1,1,1,2,1,2,1,2,2,2,1,1,2,2,Respondent212
A,1,1,1,1,2,1,2,1,1,2,1,2,1,2,1,2,1,2,1,2,1,Respondent213
A,1,1,1,1,1,1,1,1,1,1,1,1,2,1,1,1,1,1,2,1,1,Respondent214
A,1,1,1,1,2,1,2,1,2,1,2,2,2,2,1,1,1,2,2,2,1,Respondent215
A,1,1,1,1,2,1,1,1,1,1,1,1,2,2,2,1,1,1,2,1,1,Respondent216
A,1,1,1,1,1,1,1,1,1,2,1,1,2,1,1,2,1,1,1,2,1,Respondent217
A,1,1,1,1,2,1,2,1,1,1,2,2,1,1,1,2,1,1,1,2,1,Respondent218
A,1,1,1,1,2,1,1,1,1,2,1,1,1,1,1,2,2,2,1,1,1,Respondent219
A,1,1,1,1,2,1,2,1,2,1,1,2,2,2,1,2,1,1,1,2,2,Respondent220
A,1,1,1,1,2,1,1,1,2,2,2,1,1,2,2,1,2,1,1,1,2,Respondent221
A,1,1,1,1,2,1,1,1,1,2,2,1,2,2,1,1,1,2,1,2,1,Respondent222
A,1,1,1,1,2,1,2,1,2,2,1,1,1,2,1,2,2,1,1,2,1,Respondent223
A,1,1,1,1,2,1,2,1,2,2,2,1,2,1,2,1,2,2,1,2,1,Respondent224
A,1,1,1,1,2,1,1,2,1,1,2,1,2,1,2,1,2,1,2,1,2,Respondent225
A,1,1,1,1,2,1,1,1,1,1,1,1,1,1,1,1,2,2,2,1,1,Respondent226
A,1,1,1,1,2,1,1,1,1,1,1,1,1,1,1,1,2,2,2,1,1,Respondent227
A,1,1,1,2,2,1,2,1,1,1,1,1,1,1,1,1,2,2,2,1,1,Respondent228
A,1,1,1,1,2,1,1,1,2,1,2,2,2,2,1,1,1,2,2,2,2,Respondent229
A,1,1,1,2,2,1,1,1,1,2,1,1,1,1,1,1,1,2,2,1,1,Respondent230
A,1,1,1,2,2,1,2,1,1,1,1,1,1,1,1,1,2,2,2,1,1,Respondent231
A,1,1,1,1,2,1,2,1,1,1,2,2,1,2,1,1,2,2,2,1,1,Respondent232
A,1,1,1,2,2,1,1,1,1,1,2,2,1,1,2,1,1,2,2,2,1,Respondent233
A,1,1,1,1,2,1,2,1,2,2,2,1,2,2,2,1,1,1,1,1,1,Respondent234
A,1,1,1,2,2,1,1,1,1,1,2,1,1,1,2,1,1,2,2,1,1,Respondent235
A,1,1,1,1,2,1,2,1,1,1,2,2,2,2,2,2,1,1,2,1,1,Respondent236
A,1,2,2,1,2,1,1,2,1,2,2,1,1,2,2,1,2,1,2,1,2,Respondent237
A,1,1,1,1,2,1,2,2,1,2,1,2,1,1,2,2,1,1,2,2,1,Respondent238
A,1,1,1,1,2,1,1,1,2,2,1,1,2,1,1,1,2,1,2,1,2,Respondent239
A,1,1,1,1,2,1,1,2,1,1,2,1,2,1,2,1,1,2,1,2,1,Respondent240
A,1,1,1,1,1,1,2,1,1,2,2,1,1,1,2,1,1,2,2,1,1,Respondent241
A,1,1,1,1,2,1,1,1,1,1,1,2,1,1,2,1,2,2,1,2,1,Respondent242
C,1,1,1,1,1,1,2,1,1,2,1,2,1,1,2,1,1,2,1,2,1,Respondent243
C,1,1,1,1,2,1,2,1,1,2,1,2,1,1,2,1,2,2,2,1,1,Respondent244
C,1,1,1,1,2,1,1,1,1,2,1,2,2,2,1,2,2,1,2,2,1,Respondent245
C,1,1,1,1,2,1,2,1,1,2,1,1,1,2,1,1,1,2,1,1,1,Respondent246
C,1,1,1,1,2,1,1,1,1,1,2,2,2,1,1,2,1,1,2,1,1,Respondent247
C,1,1,1,1,2,1,2,1,1,1,2,1,2,2,1,1,1,1,1,1,1,Respondent248
C,1,1,1,1,2,1,1,2,1,2,2,2,1,2,1,2,1,2,1,2,1,Respondent249
C,1,1,1,1,2,1,1,1,1,1,2,2,2,1,1,2,1,1,2,1,1,Respondent250
C,1,1,1,1,2,1,2,1,1,1,2,2,2,1,2,1,2,1,2,1,1,Respondent251
C,1,1,1,1,2,1,1,1,1,1,2,2,2,1,1,2,1,2,2,1,1,Respondent252
C,1,1,2,1,2,1,2,1,1,1,2,2,2,1,1,2,2,2,2,1,1,Respondent253
C,1,1,1,1,1,1,1,1,1,1,2,2,2,2,2,2,2,2,2,1,1,Respondent254
C,1,1,1,1,1,1,2,1,1,1,2,1,2,1,2,2,1,2,2,1,1,Respondent255
C,1,1,1,1,2,1,1,1,1,1,2,2,2,1,2,2,2,2,2,1,1,Respondent256
C,1,1,1,1,1,1,2,1,1,1,2,2,2,1,1,2,2,2,2,1,1,Respondent257
C,1,1,1,1,2,1,1,1,2,1,2,2,2,1,1,2,1,1,1,1,1,Respondent258
C,1,1,1,1,2,1,1,1,1,1,2,2,2,1,2,2,2,2,2,1,1,Respondent259
C,1,1,1,1,1,1,1,1,1,1,2,2,2,1,2,2,1,2,2,1,1,Respondent260
C,1,1,1,1,2,1,2,1,1,1,2,2,2,1,1,2,2,1,2,2,1,Respondent261
C,1,1,1,1,1,1,1,1,1,1,2,1,1,2,1,2,2,2,1,1,2,Respondent262
C,1,1,1,1,1,1,1,1,1,1,1,1,2,2,2,1,2,2,1,1,2,Respondent263
C,1,1,1,1,1,1,2,1,1,1,1,1,2,2,2,1,2,2,1,1,2,Respondent264
C,1,1,1,1,1,1,1,1,1,1,1,1,2,2,2,1,2,2,1,1,2,Respondent265
C,1,1,1,1,1,1,2,1,1,1,2,2,1,1,2,1,2,2,1,1,2,Respondent266
C,1,1,1,1,1,1,1,1,1,1,2,2,2,1,1,1,2,2,2,1,1,Respondent267
C,1,1,1,1,1,1,1,1,1,1,2,2,2,2,2,1,2,2,1,1,2,Respondent268
C,1,1,1,1,1,1,2,1,1,1,2,2,2,2,2,1,2,2,1,1,2,Respondent269
C,1,1,1,1,1,1,1,1,1,1,2,2,1,1,2,2,1,2,2,1,2,Respondent270
C,1,1,1,1,1,1,2,1,1,1,2,1,2,1,2,2,2,1,2,2,1,Respondent271
C,1,1,1,2,1,1,1,2,1,2,1,1,2,1,1,2,1,1,2,1,1,Respondent272
C,1,1,1,1,1,1,1,2,1,1,1,1,1,1,1,2,1,1,1,2,1,Respondent273
C,1,1,1,1,1,1,2,2,1,2,1,1,1,1,1,1,1,1,2,2,1,Respondent274
C,1,1,1,1,1,1,1,2,1,1,2,1,1,1,1,1,1,1,1,1,1,Respondent275
C,1,1,1,1,1,1,2,1,1,1,2,1,1,1,2,2,2,2,2,1,2,Respondent276
C,1,1,1,1,1,1,1,1,1,2,1,1,1,2,2,1,2,1,1,1,2,Respondent277
C,1,1,1,1,1,1,2,1,1,2,2,1,1,1,2,2,1,1,2,1,2,Respondent278
C,1,1,1,1,2,1,2,2,1,1,2,1,2,1,2,1,1,2,1,1,2,Respondent279
C,1,1,1,1,2,1,1,1,1,1,2,1,2,2,1,2,2,1,2,1,1,Respondent280
C,1,1,1,1,1,1,2,1,1,2,2,1,2,1,1,2,1,2,2,1,2,Respondent281
C,1,1,1,1,1,1,2,1,1,2,2,2,1,1,2,2,1,1,2,2,2,Respondent282
C,1,1,1,1,1,1,1,1,1,1,1,1,1,2,2,2,2,1,1,2,2,Respondent283
C,1,1,1,1,1,1,2,1,1,1,1,2,2,1,1,1,1,1,1,1,1,Respondent284
C,1,1,1,1,1,1,2,1,1,1,1,1,1,1,2,2,2,1,1,1,2,Respondent285
C,1,1,1,1,1,1,1,1,2,1,1,2,1,1,2,1,1,2,2,1,2,Respondent286
C,1,1,1,1,2,1,2,1,1,1,2,2,2,2,2,2,2,2,2,1,2,Respondent287
C,1,1,1,1,2,1,1,1,1,1,2,2,2,2,2,1,2,2,2,1,2,Respondent288
C,1,1,1,1,2,1,1,2,1,2,1,2,1,2,1,2,1,2,1,2,1,Respondent289
C,1,1,1,1,2,1,2,2,1,1,2,2,1,1,2,2,1,2,2,1,2,Respondent290
C,1,1,1,1,2,1,1,2,1,2,2,1,2,1,2,2,1,1,2,1,2,Respondent291
C,1,1,1,1,2,1,1,2,1,2,1,1,2,1,2,1,2,1,2,1,1,Respondent292
C,1,1,2,1,2,1,2,1,1,2,1,1,2,2,1,2,1,2,1,1,1,Respondent293
C,1,1,1,1,1,1,1,2,1,1,2,2,2,1,1,1,1,2,1,1,2,Respondent294
C,1,1,1,1,1,1,2,1,1,1,1,2,2,2,2,1,2,2,1,1,2,Respondent295
C,1,1,1,1,1,1,2,1,1,1,2,2,2,1,1,1,2,1,2,1,2,Respondent296
C,1,1,1,1,1,1,2,1,1,2,2,1,2,1,2,1,1,2,2,1,2,Respondent297
C,1,1,1,1,1,1,2,1,1,1,2,1,2,2,1,2,2,2,1,1,2,Respondent298
C,1,1,1,1,1,1,1,2,2,2,2,2,1,2,2,1,1,2,2,1,1,Respondent299
C,1,1,1,1,1,1,1,2,2,2,1,2,1,1,1,2,1,1,1,2,2,Respondent300
C,1,1,1,1,1,1,1,1,1,2,1,1,2,2,1,1,1,2,1,1,2,Respondent301
C,1,1,1,1,2,1,1,2,1,2,1,1,1,2,1,1,1,2,1,1,1,Respondent302
C,1,1,1,1,2,1,2,2,1,2,1,1,1,2,1,1,1,2,2,1,1,Respondent303
C,1,1,1,1,2,1,1,1,2,1,2,1,2,1,2,1,1,1,2,1,1,Respondent304
C,1,1,1,1,1,1,2,2,1,1,1,2,1,2,1,1,2,2,1,2,1,Respondent305
C,1,1,1,1,2,1,1,1,2,2,2,1,2,1,2,1,2,1,2,1,1,Respondent306
A,1,1,1,1,2,1,1,1,1,1,2,2,2,2,2,1,1,2,2,1,1,Respondent307
A,1,1,1,1,2,1,2,1,1,1,1,2,2,2,2,2,1,1,2,2,1,Respondent308
A,1,1,1,1,2,1,2,1,1,2,2,2,2,1,2,1,1,2,2,2,2,Respondent309
C,1,1,1,1,2,1,2,1,1,1,2,2,2,2,2,1,2,1,2,1,1,Respondent310
C,1,1,1,1,2,1,1,1,1,1,2,2,2,2,2,1,2,1,2,1,1,Respondent311
C,1,1,1,1,2,1,2,1,1,1,2,2,2,2,2,1,2,1,2,1,1,Respondent312
A,1,1,1,1,2,1,1,1,1,1,2,2,2,2,2,1,2,1,2,1,1,Respondent313
A,1,1,1,1,2,1,1,1,1,1,2,2,2,2,2,1,2,1,2,1,1,Respondent314
A,1,1,1,1,2,1,2,1,1,1,2,2,2,2,2,1,2,1,2,1,1,Respondent315
A,1,1,1,1,2,1,1,1,1,1,2,2,2,2,2,1,2,1,2,1,1,Respondent316
A,1,1,1,1,2,1,2,1,1,1,2,2,2,2,2,1,2,1,2,1,1,Respondent317
A,1,1,1,1,2,1,1,1,1,1,2,2,2,2,2,1,2,1,2,1,1,Respondent318
A,1,1,1,1,2,1,2,1,1,2,2,2,2,2,2,2,2,1,2,1,1,Respondent319
A,1,1,1,1,1,1,2,2,1,1,2,2,1,1,2,1,1,2,1,2,1,Respondent320
C,1,1,1,1,2,1,1,1,1,1,2,2,2,2,2,2,2,2,2,1,2,Respondent321
C,1,1,1,1,1,1,2,1,1,2,1,2,1,1,1,2,2,2,2,1,2,Respondent322
C,1,1,1,1,2,1,1,1,1,2,2,2,2,2,1,1,1,1,1,2,2,Respondent323
C,1,1,1,1,2,1,2,1,1,2,2,2,2,2,1,1,1,1,1,2,2,Respondent324
C,1,1,1,1,2,1,1,1,2,2,1,2,1,2,1,2,1,2,1,2,1,Respondent325
F,1,1,1,1,2,1,1,1,1,1,2,2,1,2,2,2,2,2,2,1,1,Respondent326
C,1,1,1,1,2,1,2,2,1,1,1,2,2,2,1,2,1,2,1,1,1,Respondent327
C,1,1,1,1,1,1,2,1,1,1,1,2,2,1,2,2,1,2,2,1,2,Respondent328
C,1,1,1,1,2,1,1,1,2,1,1,2,1,2,1,1,2,1,2,1,2,Respondent329
C,1,1,1,1,1,1,2,1,1,2,2,2,1,1,1,1,1,1,1,2,2,Respondent330
C,1,1,1,1,1,1,1,1,2,2,2,1,1,2,1,1,2,2,1,1,2,Respondent331
C,1,1,1,1,1,1,2,1,2,1,1,2,2,1,1,1,1,2,2,2,2,Respondent332
C,1,1,1,1,1,1,2,2,2,2,2,1,2,2,1,2,2,2,2,2,2,Respondent333
C,1,1,1,1,1,1,2,2,2,2,2,1,1,1,1,1,1,2,2,2,2,Respondent334
C,1,1,1,1,1,1,2,2,2,2,1,1,1,2,2,2,1,1,2,2,2,Respondent335
C,1,1,1,1,1,1,1,2,2,2,2,1,1,1,2,2,2,1,2,2,2,Respondent336
C,1,1,1,1,1,1,1,2,1,1,1,1,2,2,1,1,1,2,1,2,1,Respondent337
C,1,1,1,1,1,1,1,2,2,2,1,2,1,2,1,2,1,2,1,2,1,Respondent338
C,1,1,1,1,1,1,2,1,1,2,2,2,2,2,2,1,2,2,2,1,2,Respondent339
C,1,1,1,1,1,1,1,1,2,1,2,1,1,1,2,1,1,2,1,2,1,Respondent340
C,1,1,1,1,2,1,1,2,1,1,2,1,2,1,2,1,2,1,2,1,2,Respondent341
C,1,1,1,1,2,1,2,1,2,2,1,2,1,1,2,2,1,2,1,1,2,Respondent342
C,1,1,1,1,2,1,1,1,1,1,1,2,1,2,2,2,1,1,1,1,1,Respondent343
C,1,1,1,1,1,1,2,1,1,1,2,1,2,1,2,1,2,1,2,1,2,Respondent344
C,1,1,1,1,2,1,1,2,1,1,1,2,2,2,2,2,1,1,1,1,1,Respondent345
C,1,1,1,1,1,1,2,1,2,1,1,1,1,1,1,2,2,2,1,1,1,Respondent346
C,1,1,1,1,1,1,2,1,2,1,1,2,2,2,2,1,2,1,1,1,1,Respondent347
C,1,1,1,1,2,1,2,1,2,1,1,2,2,1,1,2,1,2,1,2,1,Respondent348
C,1,1,1,2,1,1,1,2,1,2,1,2,1,1,2,1,1,1,2,2,1,Respondent349
C,1,1,1,1,2,1,2,1,1,1,2,2,2,1,1,2,2,2,1,1,1,Respondent350
F,1,1,1,1,1,1,1,1,1,1,2,2,1,1,2,1,1,2,2,2,1,Respondent351
F,1,1,1,1,1,1,1,1,1,1,2,2,1,1,2,1,1,1,2,1,1,Respondent352
F,1,1,1,1,2,1,1,1,2,2,2,2,1,1,1,1,1,2,2,2,1,Respondent353
F,1,1,1,1,1,1,1,1,2,1,2,2,1,2,2,1,1,2,2,2,1,Respondent354
F,1,1,1,2,2,1,1,1,2,2,2,2,1,2,2,1,2,2,2,2,1,Respondent355
F,1,1,1,1,2,1,2,1,2,1,2,2,2,1,1,1,1,1,2,1,1,Respondent356
F,1,1,1,2,2,1,1,1,2,2,2,2,2,1,2,1,1,1,2,2,1,Respondent357
F,1,1,1,1,2,1,2,2,1,2,2,2,2,1,2,2,1,2,2,1,1,Respondent358
F,1,1,1,1,2,1,1,1,1,2,2,2,1,2,1,1,1,2,2,1,1,Respondent359
F,1,1,1,1,2,1,1,1,2,1,2,2,1,1,1,1,1,2,2,1,1,Respondent360
F,1,1,1,1,1,1,2,2,2,1,2,2,2,1,2,1,1,1,2,1,2,Respondent361
F,1,1,1,1,1,1,2,2,1,2,2,2,2,1,2,1,1,2,2,2,1,Respondent362
F,1,1,1,1,2,1,1,1,1,1,2,2,2,1,1,2,1,1,2,1,2,Respondent363
F,1,1,1,1,2,1,1,1,1,1,2,2,2,1,1,1,1,1,2,1,2,Respondent364
F,1,1,1,2,2,1,1,1,2,1,2,2,2,1,2,1,2,2,2,1,1,Respondent365
F,1,1,1,2,2,1,1,1,1,2,2,2,1,1,2,1,1,2,2,1,1,Respondent366
F,1,1,1,1,2,1,1,1,2,2,2,2,2,1,2,1,1,1,1,2,1,Respondent367
F,1,1,1,2,2,1,1,1,2,2,2,2,1,2,2,1,1,1,2,2,1,Respondent368
F,1,2,1,2,2,1,1,1,1,1,2,2,2,1,1,1,2,2,2,1,1,Respondent369
F,1,2,1,2,2,1,1,1,1,1,2,2,2,1,1,2,2,2,2,1,1,Respondent370
F,1,2,1,2,2,1,1,1,1,1,2,2,2,1,1,1,2,2,2,1,1,Respondent371
F,1,2,1,1,2,1,1,1,1,1,2,2,2,1,1,1,1,2,2,2,1,Respondent372
F,1,2,1,1,2,1,1,1,1,1,2,2,1,1,1,1,2,2,2,2,1,Respondent373
F,1,2,1,1,2,1,1,1,1,1,2,2,1,1,1,1,2,2,2,1,1,Respondent374
F,1,2,1,1,1,1,1,1,2,1,2,2,1,2,1,1,2,2,2,2,1,Respondent375
F,1,2,1,1,2,1,1,1,1,1,2,2,2,1,1,1,1,2,2,2,1,Respondent376
F,1,2,1,1,1,1,1,1,1,1,2,2,1,1,1,1,2,2,2,1,1,Respondent377
F,1,2,1,1,1,1,1,1,1,1,2,2,2,1,2,1,2,2,2,2,1,Respondent378
M,1,1,2,2,2,1,1,1,1,1,2,2,1,1,1,1,1,1,2,2,1,Respondent379
F,1,1,1,1,1,1,1,1,1,1,2,2,1,1,2,1,1,1,1,2,1,Respondent380
F,1,1,1,1,1,1,1,2,2,1,2,2,2,1,2,1,1,1,2,1,2,Respondent381
F,1,1,1,2,2,1,1,1,1,1,2,2,2,1,1,1,1,1,2,2,1,Respondent382
F,1,1,1,1,2,1,1,1,2,1,2,2,1,1,1,1,1,1,1,1,1,Respondent383
F,1,1,1,1,2,1,1,1,1,1,2,2,1,2,2,1,1,2,2,1,1,Respondent384
F,1,2,1,1,2,1,1,1,1,1,2,2,2,1,1,1,2,2,2,2,1,Respondent385
F,1,2,1,1,2,1,1,1,1,1,2,2,2,1,1,1,2,2,2,2,1,Respondent386
F,1,2,1,2,2,1,1,1,1,1,2,2,1,1,1,1,1,2,2,1,1,Respondent387
F,1,2,1,2,2,1,1,1,1,1,2,2,1,1,2,1,2,2,2,2,1,Respondent388
F,1,2,1,1,2,1,1,1,2,2,2,2,1,2,1,1,2,2,2,1,1,Respondent389
F,1,2,1,2,2,1,1,1,1,1,2,2,2,1,1,1,2,2,2,1,1,Respondent390
F,1,2,1,2,2,1,1,1,1,2,2,2,1,2,1,1,2,2,2,1,1,Respondent391
F,1,2,1,1,2,1,1,1,2,2,2,2,1,2,1,1,2,2,2,1,1,Respondent392
F,1,2,1,1,1,1,1,1,1,1,1,2,2,1,1,1,2,2,2,2,1,Respondent393
F,1,2,1,2,2,1,1,1,1,2,2,2,1,2,1,1,1,2,2,2,1,Respondent394
F,1,2,1,1,2,1,1,1,2,2,2,2,1,2,1,1,1,2,2,1,1,Respondent395
F,1,2,1,1,2,1,1,1,2,1,2,2,1,1,2,1,2,2,2,2,1,Respondent396
F,1,2,1,2,2,1,1,1,2,1,2,2,1,1,2,1,2,2,2,2,1,Respondent397
F,1,2,1,1,2,1,1,1,2,1,2,2,2,1,1,1,1,2,2,2,1,Respondent398
F,1,2,1,2,2,1,1,1,2,2,2,2,2,1,2,1,1,1,2,1,1,Respondent399
F,1,2,1,1,2,1,1,1,2,1,2,2,1,1,2,1,1,1,1,2,1,Respondent400
F,1,2,1,1,2,1,1,1,1,1,2,2,1,1,2,1,2,1,2,1,1,Respondent401
F,1,2,1,1,2,1,1,1,1,1,2,2,1,1,1,1,2,1,2,1,1,Respondent402
F,1,2,1,1,2,1,1,1,1,1,2,2,2,1,2,2,2,2,1,2,2,Respondent403
F,1,2,1,1,2,1,1,1,1,1,2,2,2,1,2,1,2,1,2,1,1,Respondent404
F,1,2,1,1,2,1,1,1,1,1,2,2,2,1,2,1,2,1,1,1,1,Respondent405
F,1,2,1,1,1,1,1,1,1,1,2,2,2,1,2,1,2,2,2,1,1,Respondent406
F,1,2,1,2,2,1,1,1,1,2,2,2,2,1,1,1,1,2,2,2,1,Respondent407
F,1,2,1,1,2,1,1,1,1,1,2,2,2,1,1,1,1,1,2,2,1,Respondent408
F,1,2,1,2,2,1,1,1,1,1,2,2,2,1,1,2,1,1,2,1,1,Respondent409
F,1,2,1,1,1,1,1,1,1,1,2,2,2,1,2,1,1,1,2,1,1,Respondent410
F,1,2,1,2,2,1,1,1,1,1,2,2,1,1,1,1,1,2,2,1,1,Respondent411
F,1,1,1,2,2,1,1,1,1,1,2,2,1,1,2,1,1,2,2,1,2,Respondent412
F,1,1,1,1,2,1,1,1,2,2,2,1,1,2,2,1,1,2,2,1,1,Respondent413
F,1,1,1,1,1,1,2,2,2,1,2,2,1,1,2,1,1,1,2,1,1,Respondent414
F,1,1,1,1,1,1,2,2,2,1,2,2,1,1,2,1,1,1,2,1,1,Respondent415
F,1,1,1,2,2,1,1,1,2,2,2,2,1,1,2,1,1,2,2,2,1,Respondent416
F,1,1,1,2,1,1,1,2,2,1,2,2,2,1,2,1,1,1,2,1,1,Respondent417
F,1,1,1,2,2,1,1,1,1,1,2,2,2,1,1,1,1,2,2,1,1,Respondent418
F,1,1,1,1,2,1,1,1,2,1,2,2,1,1,2,1,1,1,2,1,1,Respondent419
F,1,1,1,2,2,1,1,1,1,1,1,2,1,1,1,1,1,1,2,1,1,Respondent420
F,1,1,1,2,2,1,1,1,2,1,2,2,1,2,2,1,1,1,2,1,1,Respondent421
F,1,1,1,1,2,1,1,1,1,1,2,2,1,1,2,1,1,1,2,2,1,Respondent422
F,1,1,1,1,2,1,1,1,1,1,2,2,1,1,2,1,1,1,2,2,1,Respondent423
F,1,1,1,1,2,1,1,1,1,1,1,1,1,1,2,1,1,1,2,2,1,Respondent424
F,1,1,1,1,2,1,1,1,1,1,2,2,1,1,2,1,1,2,2,1,1,Respondent425
F,1,1,1,1,2,1,1,1,1,1,2,2,1,2,1,1,1,2,2,1,1,Respondent426
F,1,1,1,1,1,1,1,1,1,1,2,2,2,1,1,1,1,2,2,1,1,Respondent427
F,1,1,1,1,1,1,2,1,1,2,2,1,1,1,1,1,1,1,2,2,2,Respondent428
F,1,1,1,1,1,1,1,1,1,1,2,2,1,1,2,1,1,2,2,1,1,Respondent429
F,1,1,1,1,1,1,1,1,1,1,2,2,1,1,2,1,1,2,2,1,1,Respondent430
F,1,2,1,1,1,1,1,1,1,2,2,2,2,1,2,1,1,1,2,1,1,Respondent431
F,1,2,1,1,2,1,1,1,2,1,2,2,1,2,2,1,1,2,2,1,1,Respondent432
F,1,2,1,1,2,1,1,1,2,1,2,2,2,1,1,1,1,1,2,1,1,Respondent433
F,1,2,1,2,2,1,1,1,1,1,2,2,1,1,2,1,1,1,2,1,1,Respondent434
F,1,2,1,1,2,1,1,1,1,1,2,2,2,1,1,1,1,1,2,1,1,Respondent435
F,1,2,1,2,2,1,1,1,2,1,2,2,2,1,1,1,1,1,2,1,1,Respondent436
F,1,2,1,1,1,1,1,1,1,1,2,2,2,1,2,1,1,2,1,1,1,Respondent437
F,1,2,1,2,2,1,1,1,2,1,2,2,2,1,1,1,1,1,2,1,1,Respondent438
F,1,2,1,2,2,1,1,1,2,1,2,2,1,2,1,1,1,2,2,1,1,Respondent439
F,1,2,1,2,2,1,1,1,2,1,2,2,2,1,1,1,1,1,2,1,1,Respondent440
F,1,2,1,1,2,1,1,1,2,1,2,2,2,1,1,1,1,1,2,1,1,Respondent441
F,1,2,1,1,1,1,1,1,2,1,2,2,2,1,1,1,1,2,1,2,2,Respondent442
F,1,2,1,1,2,1,2,2,2,1,2,2,2,1,2,1,1,2,2,2,1,Respondent443
F,1,2,1,1,2,1,1,1,2,1,2,2,2,1,1,1,1,2,2,2,1,Respondent444
F,1,2,1,2,2,1,1,1,2,1,2,2,2,1,2,1,1,2,2,1,1,Respondent445
F,1,2,1,1,2,1,1,1,2,1,2,2,2,1,2,1,1,2,2,1,1,Respondent446
F,1,2,1,2,2,1,1,1,1,1,2,2,2,2,1,1,1,2,2,1,1,Respondent447
F,1,2,1,1,2,1,1,1,1,1,2,2,1,2,1,1,1,2,2,1,1,Respondent448
F,1,2,1,2,2,1,1,1,1,1,2,2,2,1,2,1,2,2,2,2,1,Respondent449
F,1,2,1,2,2,1,1,1,1,1,2,2,2,1,1,1,2,2,2,2,1,Respondent450
F,1,2,1,2,2,1,1,1,1,1,2,2,2,1,2,1,1,2,2,2,1,Respondent451
F,1,2,1,2,2,1,1,1,2,1,2,2,2,1,1,1,2,2,2,2,1,Respondent452
F,1,2,1,2,2,1,1,1,1,1,2,2,2,1,1,1,1,1,2,2,1,Respondent453
F,1,2,1,1,1,1,1,1,1,1,2,2,2,1,2,1,1,1,2,2,1,Respondent454
F,1,2,1,2,2,1,1,1,1,1,2,2,1,1,2,1,1,2,2,1,1,Respondent455
F,1,2,1,2,2,1,2,1,2,1,2,2,2,1,1,1,1,1,1,1,1,Respondent456
F,1,2,1,2,2,1,1,1,1,1,2,2,2,1,2,1,1,1,2,1,1,Respondent457
F,1,2,1,1,2,1,1,1,2,1,2,2,2,1,1,1,1,2,1,1,1,Respondent458
F,1,2,1,2,2,1,1,1,2,1,2,2,2,1,2,1,1,2,2,1,1,Respondent459
F,1,2,1,2,2,1,1,1,2,1,2,2,2,1,1,1,1,2,2,1,1,Respondent460
F,1,2,1,2,2,1,1,1,2,1,2,2,2,1,1,1,1,2,2,1,1,Respondent461
F,1,2,1,1,2,1,1,1,2,1,2,2,2,1,2,1,1,2,2,1,1,Respondent462
F,1,2,1,1,2,1,1,1,2,1,2,2,2,1,1,1,1,2,2,2,1,Respondent463
F,1,2,1,1,2,1,1,1,2,1,2,2,1,1,2,1,1,2,1,2,1,Respondent464
F,1,2,1,1,2,1,1,1,2,1,2,2,2,1,2,1,1,1,2,1,1,Respondent465
F,1,2,1,1,2,1,1,1,2,1,2,2,2,1,1,1,1,1,2,1,1,Respondent466
F,1,2,1,1,1,1,1,1,2,1,2,2,2,1,2,1,1,1,1,2,1,Respondent467
F,1,2,1,2,2,1,1,1,2,1,2,2,2,1,1,1,1,2,1,2,1,Respondent468
F,1,2,1,1,2,1,1,1,2,1,2,2,2,1,2,1,1,2,1,1,1,Respondent469
F,1,2,1,2,2,1,1,1,2,1,2,2,2,1,2,1,1,2,2,1,1,Respondent470
F,1,2,1,2,2,1,1,1,1,1,2,2,2,1,1,1,1,1,2,1,1,Respondent471
F,1,2,1,1,2,1,1,1,1,1,2,2,2,1,1,1,1,1,2,1,1,Respondent472
F,1,2,1,1,1,1,2,1,1,1,2,2,2,1,1,1,1,1,2,1,1,Respondent473
F,1,2,1,2,2,1,1,1,2,1,2,2,2,1,2,1,1,2,2,2,1,Respondent474
F,1,1,1,2,2,1,2,1,2,1,2,2,1,1,2,1,1,2,2,1,1,Respondent475
F,1,1,1,1,2,1,2,1,2,1,2,2,1,1,2,1,1,2,2,1,1,Respondent476
F,1,1,1,1,2,1,2,1,2,1,2,2,1,2,2,1,1,2,2,1,1,Respondent477
F,1,1,1,2,2,1,2,1,2,1,2,2,2,1,2,1,1,1,2,1,1,Respondent478
F,1,1,1,1,2,1,1,1,2,1,2,2,1,1,2,1,1,1,2,1,1,Respondent479
B,1,2,2,2,2,1,2,1,1,1,2,2,1,2,1,2,2,1,2,1,1,Respondent480
F,1,2,2,2,2,1,1,1,1,1,2,2,2,2,2,1,2,1,2,1,1,Respondent481
F,1,2,2,2,2,1,1,1,1,2,2,2,1,1,2,2,2,1,2,1,2,Respondent482
C,1,2,2,2,2,1,1,1,2,1,2,2,1,2,2,2,2,1,2,2,1,Respondent483
C,1,2,2,1,1,1,1,1,1,1,2,2,1,1,2,2,2,2,2,2,2,Respondent484
B,1,1,2,2,2,1,1,1,2,1,2,2,1,1,2,2,2,2,1,2,1,Respondent485
F,1,1,2,2,2,1,1,2,2,1,2,2,1,1,2,2,2,2,1,2,1,Respondent486
C,1,1,2,2,2,1,2,2,1,1,2,2,1,2,2,1,2,1,2,1,1,Respondent487
C,1,1,2,2,2,1,1,1,1,2,2,2,1,1,2,2,2,1,2,2,1,Respondent488
C,1,2,2,2,2,1,1,1,1,2,2,1,1,1,2,2,2,1,2,2,2,Respondent489
C,1,2,2,2,2,1,1,1,2,1,2,2,1,1,2,2,2,2,1,1,1,Respondent490
C,1,2,2,2,2,1,1,1,2,1,2,1,2,2,2,2,2,2,2,1,1,Respondent491
C,1,2,2,2,2,1,2,1,1,2,2,2,2,1,2,2,2,2,2,2,1,Respondent492
C,1,2,2,2,2,1,1,1,2,1,2,2,1,2,2,2,2,2,2,1,1,Respondent493
C,1,1,2,2,2,1,1,1,1,1,2,2,1,2,2,1,2,1,2,1,1,Respondent494
C,1,1,2,1,2,1,1,1,2,1,2,2,1,1,2,1,2,1,1,1,2,Respondent495
C,1,1,2,2,2,1,1,2,2,1,1,1,2,1,1,2,1,2,1,2,2,Respondent496
C,1,1,2,1,2,1,1,2,1,1,2,2,2,2,1,2,1,2,2,1,1,Respondent497
F,1,1,2,2,1,1,1,2,1,1,2,1,2,1,1,1,2,2,2,1,2,Respondent498
C,1,1,2,2,2,1,1,1,2,2,1,1,2,1,1,2,1,1,2,1,2,Respondent499
C,1,1,2,2,2,1,1,1,1,2,2,2,1,1,2,2,2,1,2,1,1,Respondent500
C,1,1,2,1,2,1,1,2,2,2,1,1,2,2,1,1,2,2,1,2,2,Respondent501
C,1,1,2,2,2,1,1,1,2,1,2,2,1,1,2,2,2,2,2,2,2,Respondent502
F,1,1,2,2,2,1,1,2,1,2,1,2,2,1,2,2,2,2,1,2,1,Respondent503
F,1,2,2,1,1,1,1,1,2,1,2,2,2,1,1,1,1,2,1,2,1,Respondent504
F,1,2,2,1,1,1,1,1,2,1,2,2,2,1,1,1,1,2,1,2,1,Respondent505
F,1,2,2,1,1,1,1,1,2,1,2,2,2,1,1,1,1,2,1,2,1,Respondent506
F,1,2,2,2,2,1,2,1,1,1,2,1,1,2,2,1,1,1,2,1,1,Respondent507
F,1,2,2,2,2,1,1,1,1,1,1,2,2,1,1,1,1,1,2,1,1,Respondent508
F,1,2,2,2,1,1,1,2,1,2,2,2,2,1,2,1,1,2,1,2,2,Respondent509
F,1,2,2,2,2,1,1,1,1,1,2,1,2,2,1,1,1,2,2,1,1,Respondent510
F,1,2,2,2,2,1,1,1,1,1,2,2,1,1,2,2,2,2,2,1,1,Respondent511
F,1,2,2,2,2,1,1,1,1,1,1,1,1,1,1,1,1,1,2,1,1,Respondent512
F,1,2,2,1,1,1,1,1,1,1,2,1,1,1,1,2,1,1,2,1,1,Respondent513
F,1,1,2,1,1,1,1,1,1,1,1,1,1,1,1,1,1,1,1,1,1,Respondent514
F,1,1,2,2,2,1,2,2,1,1,2,2,2,2,2,2,2,2,2,2,1,Respondent515
F,1,1,2,2,2,1,2,2,1,1,2,2,2,2,2,2,2,2,2,2,1,Respondent516
C,1,1,2,2,2,1,1,1,1,1,2,2,2,1,2,2,2,1,2,2,1,Respondent517
C,1,1,2,2,2,1,1,1,1,1,2,2,2,1,2,1,2,1,2,1,1,Respondent518
C,1,1,2,1,2,1,1,2,1,1,2,2,2,1,1,1,2,2,2,1,1,Respondent519
C,1,1,2,2,1,1,2,1,1,1,2,2,1,1,2,2,1,1,2,2,1,Respondent520
C,1,1,2,1,2,1,1,1,1,1,1,2,1,2,1,2,2,1,2,2,1,Respondent521
C,1,1,2,2,2,1,1,1,1,1,1,2,2,1,2,2,1,1,2,1,1,Respondent522
C,1,1,2,1,2,1,1,1,1,1,1,1,2,2,1,2,2,1,1,2,1,Respondent523
C,1,1,2,1,1,1,1,1,1,1,2,2,1,1,2,1,2,1,2,1,1,Respondent524
C,1,1,2,1,2,1,1,1,1,1,1,1,2,2,1,1,1,1,2,1,1,Respondent525
C,1,1,2,1,2,1,2,1,1,1,1,1,1,2,2,2,2,1,1,1,1,Respondent526
C,1,1,2,1,1,1,2,2,2,1,2,1,2,1,2,1,1,2,1,2,1,Respondent527
C,1,1,2,1,2,1,2,1,1,1,2,2,1,2,1,1,1,2,1,2,1,Respondent528
C,1,1,2,1,2,1,1,1,1,2,2,2,2,2,2,1,2,1,2,1,2,Respondent529
C,1,1,2,2,2,1,1,1,1,1,1,1,1,1,2,1,1,2,1,2,1,Respondent530
C,1,1,2,2,2,1,1,1,1,1,2,1,1,2,2,2,2,1,2,1,1,Respondent531
C,1,1,2,2,2,1,1,1,1,1,1,2,2,1,2,1,2,1,2,1,1,Respondent532
C,1,1,2,2,2,1,1,1,1,2,2,2,1,1,2,2,2,1,2,1,1,Respondent533
C,1,1,2,1,1,1,1,1,1,1,1,2,2,1,2,2,1,1,1,1,2,Respondent534
C,1,1,2,1,2,1,2,1,1,1,2,2,1,2,2,1,1,2,1,1,2,Respondent535
C,1,1,2,1,1,1,1,1,1,1,1,1,1,2,1,1,2,2,2,1,1,Respondent536
C,1,1,2,1,2,1,1,1,1,2,1,1,1,1,1,1,1,1,1,2,1,Respondent537
C,1,1,2,1,1,1,2,2,1,2,1,2,2,1,2,2,1,1,1,1,2,Respondent538
C,1,1,2,1,2,1,1,2,1,2,1,2,1,1,1,2,1,1,2,1,1,Respondent539
C,1,1,2,2,2,1,1,1,1,1,2,2,1,2,2,1,2,2,2,1,1,Respondent540
C,1,1,2,2,2,1,2,1,1,1,2,2,2,2,2,2,1,1,2,1,1,Respondent541
C,1,1,2,1,1,1,1,1,1,1,1,2,2,1,2,1,2,1,2,1,1,Respondent542
C,1,1,2,2,2,1,1,1,1,1,1,2,2,1,2,1,2,1,2,1,1,Respondent543
C,1,1,2,2,2,1,2,1,1,1,2,2,2,2,2,2,2,1,2,2,1,Respondent544
C,1,1,2,1,2,1,1,1,1,1,2,2,1,1,1,1,1,1,2,1,1,Respondent545
C,1,1,2,2,2,1,2,1,2,1,2,2,1,1,2,2,2,1,2,2,1,Respondent546
C,1,1,2,1,1,1,2,1,2,2,1,2,1,1,2,1,1,1,2,1,1,Respondent547
C,1,1,2,2,1,1,2,1,2,1,2,2,2,1,2,2,2,2,2,2,2,Respondent548
C,1,1,2,1,2,1,2,1,1,2,2,1,2,1,1,1,1,1,2,1,1,Respondent549
C,1,1,2,1,2,1,1,1,2,2,2,2,1,1,2,1,1,2,1,2,1,Respondent550
F,1,1,2,2,2,1,1,1,1,1,2,2,2,1,2,2,2,1,2,1,1,Respondent551
C,1,2,2,2,2,1,1,1,2,1,2,2,1,1,2,2,2,1,1,1,1,Respondent552
C,1,2,2,1,2,1,1,1,1,1,2,2,2,1,2,2,2,1,2,1,1,Respondent553
C,1,2,2,2,2,1,1,1,1,1,2,2,2,1,2,2,2,1,2,1,1,Respondent554
C,1,2,2,2,2,1,1,1,1,1,2,2,1,2,2,2,1,1,2,1,1,Respondent555
C,1,1,2,1,2,1,2,1,2,1,2,2,1,1,1,2,2,2,2,1,1,Respondent556
C,1,2,2,2,2,1,2,1,1,1,2,1,1,2,1,1,1,1,2,1,1,Respondent557
C,1,2,2,1,2,1,1,1,1,1,1,2,1,2,2,1,1,1,2,1,1,Respondent558
C,1,2,2,2,2,1,1,1,1,2,2,1,1,2,2,2,2,2,2,1,1,Respondent559
C,1,1,2,1,2,1,2,1,1,1,1,2,2,1,2,1,2,2,2,1,2,Respondent560
C,1,1,2,2,2,1,2,1,1,1,2,2,2,1,2,2,2,2,2,1,1,Respondent561
C,1,1,2,2,2,1,2,1,2,2,2,1,1,1,2,2,1,2,2,2,1,Respondent562
C,1,1,2,2,2,1,2,1,1,1,2,2,1,1,2,2,2,2,2,1,1,Respondent563
C,1,1,2,2,2,1,2,1,1,1,1,1,1,1,2,2,1,2,2,2,2,Respondent564
C,1,1,2,2,2,1,2,1,1,1,1,1,1,1,2,1,2,2,1,2,2,Respondent565
C,1,1,2,1,2,1,2,1,2,1,1,1,2,1,2,2,1,1,2,2,1,Respondent566
C,1,1,2,1,2,1,2,1,1,2,2,2,1,1,2,1,2,1,2,2,2,Respondent567
C,1,1,2,1,2,1,2,1,2,2,2,2,2,1,2,2,1,2,2,1,2,Respondent568
C,1,1,2,2,1,1,1,2,1,1,1,2,1,2,1,1,2,1,2,2,1,Respondent569
C,1,1,2,2,2,1,1,1,1,1,1,1,2,2,2,1,1,1,2,1,1,Respondent570
C,1,2,2,2,2,1,2,2,1,1,2,2,1,1,1,2,2,1,2,2,2,Respondent571
C,1,2,2,2,1,1,2,1,1,1,2,2,1,2,2,1,1,2,2,1,1,Respondent572
C,1,1,2,2,2,1,2,1,1,1,1,1,2,1,2,2,2,1,2,1,2,Respondent573
C,1,2,2,2,2,1,2,1,1,1,2,2,2,1,2,2,2,2,1,1,2,Respondent574
F,1,2,2,2,2,1,1,1,1,1,2,2,2,2,2,1,2,1,2,1,2,Respondent575
F,1,2,2,2,2,1,1,1,2,1,2,1,2,1,1,1,2,1,2,1,1,Respondent576
F,1,2,2,2,2,1,1,1,2,1,2,2,2,2,1,1,2,1,2,2,2,Respondent577
F,1,1,2,1,2,1,2,2,1,1,2,2,2,2,1,1,1,2,2,2,1,Respondent578
F,1,1,2,2,2,1,2,1,1,1,2,2,2,2,2,2,1,1,2,1,1,Respondent579
F,1,2,2,2,2,1,2,1,2,1,2,2,1,2,2,2,1,1,2,2,1,Respondent580
F,1,2,2,2,2,1,2,2,2,1,2,2,1,2,2,2,1,1,2,2,1,Respondent581
F,1,1,2,2,2,1,2,1,1,1,2,2,2,2,2,2,2,1,2,1,1,Respondent582
F,1,1,2,2,1,1,1,1,1,1,2,2,2,2,2,2,2,2,2,1,1,Respondent583
F,1,1,2,2,1,1,1,1,1,1,2,2,2,2,2,2,2,2,2,1,1,Respondent584
F,1,1,2,2,2,1,1,1,1,1,2,2,2,2,1,2,1,2,2,2,1,Respondent585
F,1,1,2,2,1,1,2,1,1,2,1,1,2,1,2,1,1,1,2,1,1,Respondent586
F,1,1,2,2,2,1,1,2,1,2,1,2,1,2,2,1,1,2,2,2,1,Respondent587
F,1,1,2,2,2,1,1,2,1,1,2,1,2,2,2,1,1,1,2,1,2,Respondent588
C,1,2,2,2,2,1,1,1,2,1,1,2,2,1,2,1,2,1,2,1,1,Respondent589
C,1,1,1,2,1,1,1,2,2,2,2,1,1,1,2,2,1,1,2,2,2,Respondent590
C,1,2,1,1,2,1,1,2,1,2,1,2,1,2,1,2,1,2,1,2,1,Respondent591
A,1,2,2,2,2,1,1,2,1,1,2,2,1,1,2,1,2,1,2,1,2,Respondent592
C,1,2,2,2,1,1,1,2,2,2,1,1,2,2,2,1,1,2,2,1,1,Respondent593
B,1,2,1,2,2,1,1,1,1,1,2,2,1,1,2,1,2,2,2,1,1,Respondent594
B,1,2,2,2,2,1,1,1,1,2,2,2,1,1,2,1,2,1,2,1,1,Respondent595
C,1,2,2,2,1,1,2,1,2,2,1,2,1,1,1,2,1,1,2,1,2,Respondent596
A,1,2,1,2,1,1,1,2,1,1,2,1,2,2,1,2,2,2,2,1,1,Respondent597
C,1,1,1,1,1,1,1,2,2,1,1,1,1,1,2,2,2,1,1,1,2,Respondent598
C,1,2,1,1,2,1,2,1,1,2,1,2,1,2,1,2,2,1,2,1,2,Respondent599
C,1,2,2,2,2,1,2,2,2,1,2,1,2,1,1,2,1,2,1,2,1,Respondent600
C,1,1,1,2,2,1,2,1,1,2,2,1,1,1,2,2,1,1,2,1,2,Respondent601
C,1,2,2,2,2,1,1,1,1,2,2,2,2,2,2,1,2,1,2,2,1,Respondent602
C,1,1,2,2,2,1,1,2,2,1,1,2,2,2,2,2,1,2,2,2,1,Respondent603
A,1,2,2,2,1,1,2,1,1,2,2,2,1,2,1,2,2,1,2,1,1,Respondent604
A,1,2,1,1,1,1,1,1,2,2,1,2,1,1,2,2,1,2,1,1,2,Respondent605
B,1,2,1,2,2,1,1,1,2,1,2,2,1,1,1,2,2,2,1,1,1,Respondent606
F,1,2,1,1,1,1,1,2,1,1,2,2,1,2,2,1,1,2,2,1,2,Respondent607
F,1,2,1,1,2,1,2,1,1,1,2,2,2,2,2,2,2,1,2,1,1,Respondent608
C,1,2,1,2,1,1,2,2,1,1,2,1,2,1,1,1,2,1,2,1,2,Respondent609
F,1,2,1,1,2,1,1,1,2,1,2,2,1,1,2,2,1,1,2,1,2,Respondent610
F,1,1,1,2,2,1,1,1,2,1,2,2,2,2,2,2,2,2,2,1,1,Respondent611
C,1,1,1,1,1,1,1,1,2,1,2,2,1,1,2,2,2,2,1,1,1,Respondent612
C,1,1,1,2,2,1,1,2,1,1,2,2,1,1,2,2,2,1,2,1,1,Respondent613
C,1,1,1,2,2,1,1,2,1,2,1,2,2,1,2,1,2,2,1,1,1,Respondent614
C,1,1,1,2,2,1,1,1,2,1,2,2,1,2,1,1,1,2,2,2,2,Respondent615
C,1,2,1,1,2,1,1,2,2,1,2,1,2,1,2,1,2,1,2,1,2,Respondent616
C,1,1,1,2,2,1,1,1,2,1,2,2,1,2,1,1,2,1,1,1,1,Respondent617
C,1,1,1,2,2,1,1,1,2,1,2,2,2,1,2,2,2,1,2,1,1,Respondent618
C,1,1,1,2,2,1,1,2,2,2,2,2,2,2,2,1,2,2,2,1,1,Respondent619
C,1,1,1,1,2,1,1,1,2,2,1,2,2,2,2,1,2,2,1,1,1,Respondent620
C,1,2,2,1,1,1,1,2,1,1,1,2,2,2,1,2,1,2,1,1,2,Respondent621
C,1,1,1,2,2,1,1,1,1,2,2,1,2,2,2,2,2,2,1,1,1,Respondent622
C,1,1,1,2,2,1,1,1,1,1,2,1,2,1,2,2,2,2,2,2,2,Respondent623
C,1,1,1,2,2,1,1,1,2,2,1,2,2,1,2,2,2,2,1,1,1,Respondent624
C,1,1,1,1,2,1,1,1,1,2,2,1,2,1,2,2,1,1,1,1,1,Respondent625
C,1,1,1,2,2,1,1,1,1,2,2,1,2,2,2,2,2,2,1,1,1,Respondent626
C,1,2,1,1,2,1,1,2,1,1,1,2,2,1,2,1,2,1,2,1,2,Respondent627
C,1,1,1,2,2,1,1,1,1,2,1,1,2,1,1,1,1,1,1,1,1,Respondent628
C,1,1,1,2,2,1,1,1,1,1,2,2,1,2,1,1,2,1,2,2,1,Respondent629
C,1,1,1,2,2,1,1,1,2,1,2,2,2,2,2,2,1,2,1,2,1,Respondent630
C,1,1,1,2,2,1,1,1,2,2,1,2,2,2,2,2,2,2,2,1,1,Respondent631
C,1,1,1,1,2,1,1,1,2,2,1,2,1,1,2,2,2,2,2,1,1,Respondent632
C,1,1,1,1,2,1,1,1,2,2,1,1,2,1,2,2,2,2,2,1,1,Respondent633
C,1,1,1,1,2,1,1,1,2,2,1,1,2,1,2,2,2,2,2,1,1,Respondent634
C,1,1,1,1,2,1,1,1,1,1,2,2,1,2,1,2,2,2,1,1,1,Respondent635
C,1,1,1,1,2,1,1,1,1,1,2,2,1,2,1,2,2,1,1,1,1,Respondent636
C,1,1,1,2,1,1,1,1,2,1,2,2,2,1,2,2,2,1,1,1,1,Respondent637
C,1,1,1,2,2,1,1,1,2,2,1,2,2,2,2,2,2,2,2,1,1,Respondent638
C,1,1,1,1,2,1,1,1,2,2,1,1,2,2,1,2,2,1,1,1,1,Respondent639
C,1,1,1,1,2,1,1,1,2,2,1,1,2,2,2,2,2,1,1,1,1,Respondent640
C,1,1,1,2,2,1,1,1,2,2,2,1,2,2,1,2,1,1,2,1,1,Respondent641
C,1,1,1,1,1,1,1,1,2,1,2,1,1,1,1,1,2,2,2,1,1,Respondent642
C,1,1,1,2,2,1,1,1,2,2,1,2,1,2,1,1,2,1,1,1,1,Respondent643
C,1,1,1,1,2,1,1,1,2,2,1,2,1,1,2,2,2,1,1,1,1,Respondent644
C,1,2,2,2,1,1,1,1,2,1,2,2,1,2,2,2,2,1,2,1,2,Respondent645
C,1,2,1,1,1,1,1,1,2,2,1,2,1,1,1,2,1,1,2,1,1,Respondent646
C,1,2,1,2,2,1,1,1,1,1,2,2,2,2,2,2,1,2,2,2,2,Respondent647
C,1,2,1,2,2,1,1,2,1,1,1,1,2,2,2,1,1,2,1,2,2,Respondent648
C,1,2,1,2,2,1,2,1,1,1,2,2,1,1,2,1,2,1,2,1,1,Respondent649
C,1,2,2,2,2,1,2,1,2,2,2,2,2,2,2,1,2,2,2,1,1,Respondent650
C,1,2,1,2,2,1,2,1,2,2,1,2,2,2,1,2,1,2,1,2,1,Respondent651
C,1,2,1,2,2,1,1,1,2,1,2,2,2,1,2,1,2,1,1,1,1,Respondent652
C,1,2,1,1,1,1,1,1,2,1,2,2,1,1,2,1,1,1,2,1,1,Respondent653
C,1,2,2,1,2,1,2,2,2,1,2,2,2,2,2,1,1,2,2,2,2,Respondent654
C,1,2,2,1,1,1,2,1,1,2,2,2,2,1,2,1,2,2,2,2,1,Respondent655
C,1,1,2,1,1,1,2,2,2,1,2,1,2,2,1,2,2,1,2,1,1,Respondent656
C,1,1,1,1,2,1,1,1,2,2,1,2,2,2,2,2,1,1,1,1,1,Respondent657
C,1,1,1,1,2,1,2,1,1,2,2,1,2,2,2,2,2,2,2,1,1,Respondent658
C,1,1,1,2,2,1,1,1,1,2,1,2,2,1,2,1,2,2,2,1,1,Respondent659
C,1,1,1,2,2,1,1,1,2,2,1,2,2,1,1,1,2,2,2,1,1,Respondent660
C,1,2,1,2,2,1,1,2,1,2,1,1,1,1,2,1,1,2,1,2,2,Respondent661
C,1,2,1,1,2,1,1,1,2,2,1,2,2,1,2,2,2,1,2,1,1,Respondent662
C,1,2,1,2,2,1,1,1,2,2,1,2,2,1,2,2,2,2,2,1,1,Respondent663
C,1,1,2,1,1,1,1,1,2,1,1,1,1,1,2,1,1,2,2,1,1,Respondent664
C,1,2,1,2,2,1,1,1,2,2,2,2,1,2,2,2,2,2,2,1,1,Respondent665
C,1,2,1,2,2,1,1,1,2,1,2,2,1,2,2,2,2,1,2,1,1,Respondent666
C,1,1,1,1,2,1,1,1,2,2,1,2,2,2,2,2,1,2,1,1,1,Respondent667
C,1,1,1,2,2,1,1,1,2,1,2,2,1,2,2,2,2,2,2,1,1,Respondent668
C,1,1,1,2,2,1,2,1,2,1,1,2,2,2,2,2,2,1,1,1,1,Respondent669
C,1,1,1,1,2,1,1,1,1,2,2,1,2,2,2,1,2,2,1,1,1,Respondent670
C,1,1,1,2,2,1,1,1,1,1,2,2,1,2,1,1,1,2,2,1,1,Respondent671
A,1,1,1,2,2,1,1,1,1,1,2,2,2,1,2,1,2,1,1,1,1,Respondent672
C,1,1,1,2,2,1,1,1,1,2,2,1,2,1,2,1,2,2,1,1,1,Respondent673
A,1,1,1,2,2,1,1,1,2,1,2,2,1,2,2,2,2,2,2,1,1,Respondent674
C,1,1,1,2,2,1,1,1,2,2,2,2,1,2,1,2,2,1,2,1,1,Respondent675
C,1,1,1,1,1,1,1,1,1,1,1,2,1,1,1,1,1,1,2,2,1,Respondent676
C,1,1,1,1,2,1,1,1,1,1,2,2,1,1,2,1,1,2,1,2,1,Respondent677
C,1,1,1,1,1,1,1,1,2,1,1,2,2,1,1,1,1,1,1,1,1,Respondent678
C,1,1,1,1,2,1,1,1,1,1,2,2,1,1,2,1,2,2,1,2,2,Respondent679
C,1,1,1,1,2,1,1,1,2,1,2,2,1,2,2,1,1,2,1,1,1,Respondent680
C,1,1,1,1,1,1,2,1,2,1,2,1,2,1,2,2,1,2,1,1,1,Respondent681
C,1,1,1,1,1,1,1,1,2,1,2,1,1,1,1,1,2,2,2,1,1,Respondent682
C,1,1,1,1,2,1,1,2,2,1,2,2,1,1,1,1,2,2,2,1,1,Respondent683
C,1,1,2,2,2,1,2,2,2,1,2,2,1,1,2,2,2,1,2,2,2,Respondent684
C,1,1,1,1,1,1,1,1,1,1,2,2,1,1,1,1,1,2,2,2,2,Respondent685
C,1,1,1,1,2,1,1,1,2,1,1,1,1,1,1,1,1,2,2,1,1,Respondent686
C,1,1,1,2,2,1,1,1,2,1,2,2,1,1,2,2,1,1,2,1,1,Respondent687
C,1,1,2,1,1,1,1,1,2,1,1,2,1,1,2,1,2,1,2,2,1,Respondent688
C,1,1,1,2,2,1,1,2,2,1,2,2,1,1,2,1,1,2,1,1,1,Respondent689
C,1,1,1,2,2,1,1,2,1,1,2,1,2,1,2,1,2,2,2,1,2,Respondent690
C,1,1,1,2,2,1,1,2,1,1,2,2,2,1,2,1,2,1,2,1,1,Respondent691
C,1,1,1,1,1,1,1,1,2,1,2,2,1,1,2,1,2,2,2,1,1,Respondent692
C,1,1,1,1,1,1,1,1,2,1,2,2,1,1,2,1,2,1,2,1,1,Respondent693
C,1,1,1,1,2,1,1,1,2,1,2,2,2,1,2,1,2,2,2,1,2,Respondent694
C,1,1,1,2,2,1,1,1,1,1,2,1,1,1,2,1,1,2,2,1,1,Respondent695
C,1,1,1,1,2,1,2,1,1,1,2,2,2,1,1,1,1,2,1,2,2,Respondent696
F,1,1,1,1,1,1,1,2,2,1,2,2,1,1,2,2,2,2,1,1,1,Respondent697
C,1,2,2,2,2,1,1,1,2,1,2,2,1,1,2,2,2,1,2,2,2,Respondent698
C,1,2,1,2,2,1,1,1,2,1,2,2,2,1,2,2,2,1,2,1,2,Respondent699
C,1,2,1,2,2,1,1,1,2,1,2,1,2,1,2,1,1,1,2,2,1,Respondent700
C,1,2,1,2,2,1,1,2,2,1,2,2,2,2,2,2,1,1,2,2,2,Respondent701
C,1,2,1,2,2,1,1,1,2,1,2,2,2,1,1,1,2,1,1,2,1,Respondent702
F,1,2,1,1,2,1,2,1,2,2,1,2,2,2,1,1,2,1,2,1,2,Respondent703
C,1,2,2,1,1,1,1,1,2,2,2,1,1,2,2,2,2,1,2,2,1,Respondent704
C,1,1,1,1,1,1,1,1,2,1,2,1,1,1,2,1,1,1,1,1,1,Respondent705
C,1,1,1,2,2,1,1,1,1,1,2,1,2,1,1,1,2,1,2,1,2,Respondent706
C,1,1,1,2,2,1,1,1,2,1,2,2,2,1,1,2,2,1,2,1,2,Respondent707
C,1,1,1,2,2,1,1,1,2,2,2,2,1,1,1,2,1,1,2,2,1,Respondent708
C,1,1,1,2,1,1,1,1,1,2,2,2,2,1,1,2,2,1,1,1,2,Respondent709
C,1,1,1,2,2,1,1,2,1,2,2,2,1,1,2,1,2,1,2,1,2,Respondent710
C,1,1,1,2,2,1,1,1,2,1,2,1,2,1,1,1,2,1,2,1,2,Respondent711
C,1,1,1,2,2,1,1,1,1,1,2,1,1,1,1,2,2,1,2,1,2,Respondent712
C,1,1,1,2,2,1,1,1,1,1,2,1,1,1,1,2,1,1,1,1,1,Respondent713
C,1,1,1,2,2,1,1,1,2,1,2,2,2,1,2,1,2,1,2,1,2,Respondent714
C,1,1,2,2,2,1,1,1,1,1,2,1,1,1,2,1,1,1,2,1,1,Respondent715
C,1,1,1,2,2,1,2,1,2,1,2,2,1,1,2,1,2,1,2,1,2,Respondent716
C,1,1,2,2,2,1,1,1,1,1,2,2,1,2,2,1,2,1,1,1,2,Respondent717
C,1,1,1,1,2,1,1,1,1,1,2,2,1,1,2,1,2,1,1,1,1,Respondent718
C,1,1,1,2,2,1,1,1,1,1,1,2,2,1,2,1,2,2,1,1,1,Respondent719
C,1,1,1,2,2,1,1,1,2,1,1,2,2,1,1,1,1,2,2,2,2,Respondent720
C,1,1,1,2,2,1,1,1,2,1,2,2,2,2,2,1,2,1,2,1,2,Respondent721
C,1,1,1,2,2,1,1,1,1,1,2,2,2,1,2,1,2,1,2,1,1,Respondent722
C,1,1,2,2,2,1,1,1,1,1,2,2,1,1,2,1,1,1,2,2,1,Respondent723
C,1,1,1,2,2,1,1,1,2,1,2,2,1,1,1,1,2,1,2,1,2,Respondent724
C,1,1,1,2,2,1,1,1,2,1,2,2,1,1,1,1,2,1,2,1,2,Respondent725
C,1,1,1,1,2,1,2,1,2,1,2,2,1,2,2,1,2,1,2,1,1,Respondent726
C,1,1,1,2,2,1,1,1,1,1,2,2,2,1,2,1,2,1,2,1,1,Respondent727
C,1,1,1,2,2,1,1,1,1,1,2,2,1,2,1,1,2,1,1,1,2,Respondent728
C,1,1,1,2,1,1,1,1,1,1,2,2,2,1,2,1,2,1,2,1,1,Respondent729
C,1,1,2,2,2,1,1,1,2,1,2,2,2,1,2,2,1,1,1,1,1,Respondent730
C,1,1,1,1,2,1,1,1,1,1,2,2,1,2,1,1,2,2,2,1,1,Respondent731
C,1,1,2,2,2,1,1,1,1,1,2,2,1,2,1,2,2,2,2,1,1,Respondent732
C,1,1,2,2,2,1,1,1,1,1,2,2,2,2,1,1,1,2,1,2,1,Respondent733
C,1,1,1,2,2,1,1,1,1,2,1,2,2,2,1,2,2,1,2,2,1,Respondent734
C,1,1,1,2,2,1,1,1,1,1,2,2,2,1,1,1,1,2,1,1,1,Respondent735
C,1,1,1,1,2,1,1,1,1,2,2,2,1,2,1,2,1,2,1,2,1,Respondent736
C,1,1,1,1,1,1,1,1,1,1,2,1,1,1,1,2,1,2,1,2,1,Respondent737
C,1,1,1,1,2,1,1,1,1,1,2,1,1,2,2,2,1,2,2,2,1,Respondent738
C,1,1,1,1,2,1,1,1,1,2,2,2,1,2,1,2,2,2,2,1,1,Respondent739
C,1,1,1,2,2,1,1,1,1,1,1,1,1,2,2,1,2,2,2,2,1,Respondent740
C,1,1,2,1,2,1,2,1,2,1,1,2,1,1,1,1,1,2,2,2,1,Respondent741
C,1,1,1,2,2,1,2,1,2,1,2,2,1,1,2,1,1,2,2,2,1,Respondent742
C,1,1,1,2,2,1,1,1,1,1,1,2,2,1,1,1,1,1,2,1,1,Respondent743
C,1,1,1,1,2,1,1,1,1,1,2,2,1,2,1,1,1,2,2,2,1,Respondent744
C,1,1,2,2,2,1,1,1,1,1,2,2,1,2,1,1,2,2,2,1,1,Respondent745
C,1,1,1,1,2,1,1,1,1,1,2,2,1,2,1,1,2,2,2,1,2,Respondent746
C,1,1,1,2,2,1,1,1,1,1,2,2,1,2,1,2,2,2,2,1,1,Respondent747
C,1,1,1,2,2,1,1,1,1,1,2,2,1,2,2,1,2,2,2,1,1,Respondent748
C,1,1,1,1,1,1,1,1,1,1,2,2,1,1,2,1,2,2,2,2,1,Respondent749
C,1,1,1,1,1,1,1,1,1,1,2,2,1,2,1,1,2,2,2,2,1,Respondent750
C,1,1,1,1,2,1,1,1,1,1,2,2,1,1,1,1,2,2,2,1,1,Respondent751
C,1,1,1,2,2,1,1,1,1,1,1,2,1,2,2,1,2,2,1,1,1,Respondent752
A,1,1,1,2,2,1,1,1,1,1,2,2,2,1,2,1,2,2,1,1,1,Respondent753
A,1,1,1,2,2,1,1,1,2,1,2,2,2,1,2,2,2,2,1,1,1,Respondent754
A,1,1,1,2,2,1,1,1,1,1,2,2,2,1,2,1,2,2,1,1,1,Respondent755
A,1,1,1,1,2,1,1,1,1,1,2,2,1,1,2,1,2,2,1,1,1,Respondent756
C,1,1,1,2,2,1,1,1,1,1,2,2,2,1,1,1,2,1,2,1,1,Respondent757
A,1,1,1,2,2,1,1,1,1,1,2,2,2,1,2,1,2,1,1,1,2,Respondent758
A,1,1,1,2,2,1,1,1,1,2,2,2,1,1,2,2,2,1,1,1,1,Respondent759
A,1,1,1,2,2,1,1,1,1,1,2,2,2,1,2,1,2,2,1,1,1,Respondent760
A,1,1,1,2,2,1,1,1,1,1,2,2,2,1,2,1,2,2,2,1,1,Respondent761
F,1,2,1,1,1,1,1,1,1,1,1,2,2,1,1,1,2,1,1,1,2,Respondent762
C,1,2,1,2,2,1,1,1,2,1,2,2,2,1,2,1,1,2,1,1,1,Respondent763
C,1,2,1,2,2,1,1,1,2,1,2,1,2,2,2,2,1,1,2,2,1,Respondent764
C,1,1,1,1,1,1,2,1,1,1,2,1,1,2,2,1,1,2,1,2,1,Respondent765
C,1,1,1,1,1,1,1,2,1,1,2,2,1,1,1,1,1,2,1,2,1,Respondent766
C,1,1,1,1,1,1,1,1,1,1,2,2,2,2,1,1,2,1,2,1,1,Respondent767
C,1,1,1,1,2,1,1,2,1,1,2,2,1,1,2,1,1,2,2,1,1,Respondent768
C,1,1,1,1,1,1,1,1,1,1,2,2,1,1,1,1,1,2,2,1,1,Respondent769
C,1,1,1,1,2,1,1,1,1,1,1,1,2,1,1,1,2,2,2,2,2,Respondent770
C,1,1,1,1,1,1,1,1,1,1,2,2,1,1,2,1,2,2,2,1,1,Respondent771
C,1,1,1,2,1,1,2,1,1,1,2,1,2,2,1,2,2,2,1,1,2,Respondent772
C,1,1,1,2,1,1,1,1,2,1,1,1,2,2,1,2,2,1,1,1,1,Respondent773
C,1,1,1,1,1,1,1,1,1,1,2,2,2,1,1,1,1,2,2,2,1,Respondent774
C,1,1,1,2,2,1,1,1,1,1,2,2,2,1,1,2,2,2,1,1,1,Respondent775
A,1,1,1,2,2,1,1,1,1,1,2,1,2,1,2,1,1,2,1,1,1,Respondent776
C,1,1,1,1,2,1,1,1,1,1,2,2,2,1,2,1,1,2,2,1,1,Respondent777
A,1,1,1,2,2,1,1,1,1,1,2,2,2,1,2,2,2,2,1,1,1,Respondent778
A,1,1,1,1,2,1,1,1,1,1,2,2,2,1,2,1,2,2,2,1,1,Respondent779
A,1,1,1,1,2,1,1,1,1,1,2,2,1,1,2,1,2,2,1,1,1,Respondent780
A,1,1,1,1,2,1,1,1,1,2,2,1,2,1,2,1,1,1,1,1,1,Respondent781
C,1,1,1,1,2,1,1,1,1,1,2,2,2,1,2,1,1,2,2,1,1,Respondent782
A,1,1,1,1,2,1,1,1,1,1,2,2,2,1,2,1,2,1,2,1,1,Respondent783
A,1,1,1,2,2,1,2,1,1,1,2,2,2,1,2,1,2,1,1,1,1,Respondent784
A,1,1,1,2,2,1,1,1,1,1,2,2,1,1,2,1,2,2,1,1,1,Respondent785
A,1,1,1,1,2,1,1,1,1,1,2,2,1,2,2,2,2,1,1,1,1,Respondent786
A,1,1,1,1,2,1,1,1,1,1,1,2,2,1,1,1,2,2,1,1,1,Respondent787
A,1,1,1,2,2,1,1,1,1,1,2,2,2,1,2,1,2,1,1,1,1,Respondent788
A,1,1,1,1,1,1,1,1,1,1,2,2,2,1,2,1,2,2,1,1,1,Respondent789
A,1,1,1,2,2,1,1,1,1,1,2,2,2,1,2,1,2,1,1,1,1,Respondent790
C,1,1,1,2,2,1,1,1,1,2,2,2,1,1,2,1,2,2,1,1,1,Respondent791
C,1,1,1,2,2,1,1,1,1,1,2,2,1,1,2,2,2,2,2,1,1,Respondent792
C,1,1,1,2,2,1,1,1,1,1,2,2,1,1,2,1,2,2,2,1,1,Respondent793
A,1,1,1,2,2,1,1,1,1,1,2,2,2,1,2,1,2,2,1,1,1,Respondent794
F,1,1,2,2,2,1,1,2,2,2,2,2,1,1,2,1,2,2,2,2,1,Respondent795
C,1,2,1,2,2,1,2,2,1,2,1,2,1,2,1,1,2,2,1,1,2,Respondent796
C,1,2,1,1,1,1,1,1,1,1,1,1,1,2,1,2,1,2,1,1,1,Respondent797
A,1,2,1,1,1,1,2,1,2,1,1,2,2,2,1,1,1,1,1,1,1,Respondent798
C,1,2,1,1,1,1,1,2,2,2,1,1,1,2,2,1,1,1,1,1,1,Respondent799
A,1,2,1,1,1,1,2,2,1,1,1,1,1,1,1,2,2,1,1,2,1,Respondent800
C,1,2,1,1,1,1,1,1,2,1,1,1,1,1,1,1,2,2,1,1,1,Respondent801
C,1,2,1,1,1,1,1,2,2,1,2,1,1,1,2,2,2,1,1,1,1,Respondent802
A,1,2,1,1,1,1,1,1,1,1,1,2,2,2,2,2,1,1,1,2,1,Respondent803
C,1,2,1,1,1,1,1,1,2,2,2,2,1,1,2,2,1,1,1,2,1,Respondent804
C,1,2,1,1,1,1,2,1,1,1,2,2,1,1,2,2,2,1,1,2,2,Respondent805
C,1,2,1,2,2,1,1,1,2,1,2,1,1,1,2,2,1,1,1,2,2,Respondent806
A,1,2,1,1,1,1,2,2,2,2,1,2,1,2,1,2,1,1,1,1,1,Respondent807
C,1,2,1,1,1,1,1,1,1,1,2,1,2,1,2,1,2,1,2,2,2,Respondent808
A,1,2,1,1,1,1,2,2,2,2,2,2,1,1,1,2,2,2,1,2,2,Respondent809
A,1,2,1,1,1,1,2,2,1,2,2,2,2,1,1,1,2,2,1,1,2,Respondent810
C,1,2,1,1,1,1,1,2,2,2,1,2,1,1,1,2,1,2,2,2,2,Respondent811
C,1,2,1,1,1,1,2,2,1,2,2,2,1,1,2,2,1,1,1,2,1,Respondent812
A,1,2,1,1,1,1,1,1,1,1,2,2,2,2,1,1,1,2,1,1,1,Respondent813
A,1,2,1,2,1,1,1,2,1,1,2,1,1,2,1,1,2,1,1,2,1,Respondent814
A,1,2,1,1,1,1,2,1,1,2,2,1,1,2,1,1,2,2,1,1,2,Respondent815
A,1,2,1,1,1,1,1,1,1,1,2,1,2,1,2,1,2,1,2,1,2,Respondent816
A,1,2,1,1,1,1,1,2,1,1,2,1,2,1,2,1,2,1,2,1,2,Respondent817
A,1,2,1,2,1,1,2,1,1,1,2,1,2,1,2,1,1,1,1,1,1,Respondent818
C,1,2,1,1,1,1,2,2,2,1,2,1,1,1,1,1,1,2,2,1,1,Respondent819
A,1,2,1,2,1,1,1,1,1,1,1,2,2,1,2,1,2,1,2,1,2,Respondent820
A,1,2,1,1,1,1,1,2,1,2,2,2,2,2,2,1,1,1,1,1,1,Respondent821
C,1,2,1,1,1,1,2,1,1,1,1,1,2,1,1,1,1,2,1,1,1,Respondent822
A,1,2,1,1,1,1,1,1,2,2,2,1,1,1,2,1,1,1,2,1,1,Respondent823
C,1,2,1,1,2,1,2,2,2,2,2,1,1,2,2,2,2,2,2,2,1,Respondent824
A,1,2,1,2,1,1,1,1,1,1,1,2,1,2,1,2,1,1,1,1,2,Respondent825
A,1,2,1,1,1,1,2,1,2,2,1,1,2,1,2,1,1,1,2,1,1,Respondent826
C,1,2,1,1,1,1,1,2,2,2,1,1,1,1,1,1,1,1,1,1,1,Respondent827
A,1,2,1,1,1,1,2,2,1,2,1,1,1,2,1,1,1,1,2,2,1,Respondent828
A,1,2,1,1,1,1,1,2,2,1,1,1,2,2,2,1,2,1,2,1,1,Respondent829
B,1,1,2,2,2,1,2,1,1,1,2,1,1,1,2,2,2,2,2,2,1,Respondent830
F,1,1,2,2,2,1,1,1,1,1,2,2,2,1,1,2,2,1,2,1,1,Respondent831
F,1,2,2,2,2,1,1,1,2,1,1,2,1,2,1,2,1,2,1,2,1,Respondent832
B,2,1,2,1,2,1,1,1,1,1,2,2,2,1,2,2,2,2,1,2,1,Respondent833
M,2,1,2,1,2,1,1,1,1,1,2,2,1,1,1,2,2,2,2,2,1,Respondent834
F,2,1,2,1,2,1,1,1,2,1,2,2,1,1,1,2,2,2,2,1,1,Respondent835
F,2,1,2,1,2,1,1,1,1,1,2,2,1,1,1,2,2,1,2,2,2,Respondent836
F,2,2,2,2,2,1,1,1,1,1,2,2,2,1,2,1,2,2,2,2,1,Respondent837
F,2,2,1,2,2,1,1,1,1,1,2,2,2,1,1,1,2,2,2,2,1,Respondent838
B,2,1,2,2,1,1,1,1,1,1,2,2,2,1,1,1,1,2,2,1,1,Respondent839
B,2,1,1,1,1,1,1,1,2,2,2,2,1,1,1,2,1,1,1,1,1,Respondent840
B,2,1,1,1,1,1,1,1,1,2,2,1,2,1,2,2,2,1,2,2,1,Respondent841
NA,2,1,2,2,1,1,1,1,2,1,2,2,2,2,1,1,2,1,2,1,2,Respondent842
B,2,2,2,1,1,1,1,1,1,1,2,2,2,1,1,1,2,1,2,2,2,Respondent843
B,2,1,2,2,2,1,1,1,1,1,2,2,2,1,1,2,2,1,2,2,1,Respondent844
B,2,2,1,1,2,1,1,1,2,1,2,2,2,2,2,2,2,2,1,2,1,Respondent845
B,2,2,1,1,1,1,2,1,2,1,2,2,2,2,1,1,2,1,2,1,2,Respondent846
B,2,2,2,1,2,1,1,1,1,2,1,2,2,2,2,1,1,2,1,2,2,Respondent847
B,2,2,2,2,1,1,1,1,1,1,2,2,2,1,1,1,2,1,2,2,1,Respondent848
B,2,2,1,1,2,1,1,1,1,1,2,2,2,1,1,1,2,1,2,2,1,Respondent849
B,2,2,2,2,2,1,1,1,1,2,2,2,1,1,1,2,1,1,2,1,1,Respondent850
F,2,1,1,2,1,1,1,1,1,2,2,2,2,1,1,1,1,2,1,1,2,Respondent851
F,2,1,2,2,2,1,1,1,2,1,2,2,1,1,1,1,1,2,2,1,1,Respondent852
F,2,2,1,2,1,1,1,1,1,1,2,2,1,1,2,1,1,2,2,2,1,Respondent853
F,2,2,2,1,2,1,1,1,2,1,2,2,1,1,1,2,2,2,2,1,1,Respondent854
F,2,2,2,1,1,1,1,1,1,1,2,2,2,2,2,2,2,2,2,1,1,Respondent855
F,2,1,2,2,2,1,1,1,1,2,2,2,1,1,2,1,1,2,2,2,1,Respondent856
F,2,1,1,1,2,1,1,1,1,1,1,1,1,1,2,1,2,2,2,2,1,Respondent857
F,2,1,1,1,2,1,1,1,2,2,2,2,2,1,1,2,1,2,2,2,1,Respondent858
F,2,1,2,2,2,1,1,1,1,1,2,2,1,1,2,1,2,1,2,1,1,Respondent859
F,2,2,2,2,2,1,1,1,2,1,2,2,1,1,2,2,2,2,2,2,1,Respondent860
F,2,2,2,2,2,1,1,1,2,1,2,2,1,1,1,1,2,1,2,1,1,Respondent861
A,2,1,1,1,2,1,1,2,2,1,1,1,1,1,1,1,1,1,1,1,1,Respondent862
C,2,1,1,1,2,1,1,2,1,2,1,2,2,1,2,1,1,2,1,2,1,Respondent863
C,2,1,1,1,1,1,1,2,2,1,2,1,2,2,1,1,2,1,2,1,1,Respondent864
M,2,1,1,1,2,1,2,1,1,1,1,1,1,1,2,2,2,2,2,1,1,Respondent865
M,2,1,1,1,2,1,1,1,2,1,2,2,2,2,1,1,1,2,2,2,2,Respondent866
M,2,1,1,1,2,1,2,1,2,1,2,2,2,1,2,2,2,2,1,1,1,Respondent867
M,2,1,1,1,2,1,1,1,1,1,2,2,2,1,2,1,2,2,2,2,1,Respondent868
B,2,1,2,2,2,1,1,1,1,1,2,2,1,2,1,1,2,2,1,1,1,Respondent869
B,2,1,1,2,2,1,1,1,1,1,2,2,1,1,2,1,2,1,2,1,1,Respondent870
M,2,1,2,1,2,1,1,1,1,1,2,2,2,1,2,1,2,1,2,1,1,Respondent871
B,2,1,1,1,2,1,2,1,1,1,2,2,2,1,2,2,1,2,1,1,1,Respondent872
M,2,1,1,1,2,1,1,1,1,1,2,2,1,2,2,2,2,2,1,1,1,Respondent873
M,2,1,1,1,2,1,1,1,1,1,2,2,1,2,2,2,2,2,2,1,1,Respondent874
B,2,1,1,1,2,1,1,1,1,1,2,2,1,1,1,1,2,2,2,2,1,Respondent875
B,2,1,1,1,2,1,2,1,1,1,2,2,1,1,1,1,2,2,2,2,1,Respondent876
M,2,1,1,1,2,1,1,2,1,2,2,2,2,1,2,2,1,1,2,2,1,Respondent877
B,2,1,1,1,2,1,2,2,1,1,2,2,2,1,2,1,2,1,2,1,1,Respondent878
M,2,1,1,1,2,1,2,2,1,2,2,2,2,1,2,2,1,1,2,2,1,Respondent879
M,2,1,1,1,2,1,1,2,1,2,2,2,2,1,2,2,1,1,2,2,1,Respondent880
M,2,1,1,1,2,1,1,1,1,1,2,2,2,1,2,1,2,1,1,1,1,Respondent881
C,2,1,1,2,1,1,1,1,2,2,1,2,1,2,1,2,1,2,1,1,2,Respondent882
C,2,1,1,1,1,1,2,1,2,2,1,2,1,2,1,2,1,1,2,2,1,Respondent883
C,2,1,1,1,1,1,1,1,1,1,1,1,2,2,1,2,1,1,2,2,1,Respondent884
C,2,1,1,1,1,1,2,1,1,1,2,1,2,2,1,2,1,2,1,2,1,Respondent885
C,2,1,1,1,1,1,1,1,1,1,2,2,2,1,2,1,2,2,1,2,1,Respondent886
C,2,1,1,1,1,1,1,1,1,2,1,2,2,1,1,1,2,2,1,1,2,Respondent887
M,2,1,1,2,2,1,1,2,2,2,2,2,2,1,1,1,1,1,1,2,2,Respondent888
C,2,1,1,1,1,1,2,2,2,2,2,1,1,2,1,2,2,2,1,1,1,Respondent889
C,2,1,1,1,1,1,1,2,NA,2,1,1,2,2,2,2,2,2,2,2,2,Respondent890
C,2,1,1,1,2,1,1,2,1,1,2,1,2,1,2,1,2,1,2,1,2,Respondent891
C,2,1,2,1,2,1,2,2,1,1,2,1,2,1,1,2,1,2,1,2,2,Respondent892
C,2,1,1,1,2,1,1,2,2,1,2,1,2,2,1,1,2,1,2,1,1,Respondent893
C,2,1,1,1,2,1,1,1,1,2,1,1,2,1,2,1,2,1,1,2,1,Respondent894
C,2,1,1,2,1,1,2,2,1,1,1,2,1,2,2,1,1,2,1,2,2,Respondent895
A,2,1,2,1,1,1,2,2,2,2,2,1,1,1,1,1,1,2,2,1,2,Respondent896
A,2,2,2,1,1,1,2,1,2,2,2,1,2,2,1,1,2,2,1,1,1,Respondent897
A,2,1,1,2,2,1,2,1,1,1,2,1,2,1,2,1,2,1,2,1,2,Respondent898
C,2,1,1,1,2,1,1,1,1,1,1,1,1,2,2,1,1,1,1,1,1,Respondent899
C,2,1,1,1,1,1,2,2,2,2,2,2,1,1,1,1,1,1,1,1,1,Respondent900
M,2,1,1,1,2,1,1,1,1,1,2,2,2,1,2,1,2,1,1,1,1,Respondent901
F,2,1,1,1,1,1,1,1,2,1,1,1,1,1,2,2,2,1,1,1,1,Respondent902
B,2,1,1,1,1,1,2,2,2,2,2,1,1,1,1,1,2,1,2,2,1,Respondent903
C,2,1,1,1,2,1,1,1,2,1,2,2,1,2,1,2,1,1,2,1,2,Respondent904
C,2,1,1,1,2,1,1,2,2,1,1,1,1,2,1,2,1,2,1,2,1,Respondent905
M,2,2,1,1,2,1,1,1,1,1,2,2,2,2,2,2,2,1,2,1,1,Respondent906
D,2,1,2,2,2,1,1,1,1,1,2,2,1,1,1,1,2,1,2,1,1,Respondent907
D,2,1,1,2,1,1,1,2,2,1,2,1,2,2,1,1,2,1,2,1,2,Respondent908
D,2,2,2,1,1,1,2,2,2,1,1,2,2,1,2,1,1,2,1,2,1,Respondent909
D,2,2,1,2,2,1,1,1,2,1,2,2,1,2,1,1,2,2,1,2,1,Respondent910
D,2,2,2,1,2,1,1,1,2,2,2,2,2,1,2,1,2,1,1,1,2,Respondent911
D,2,2,1,2,2,1,1,2,1,1,1,2,2,2,1,1,1,2,1,2,2,Respondent912
D,2,1,1,1,1,1,1,1,1,1,2,2,1,1,2,2,1,2,2,2,1,Respondent913
D,2,2,1,2,2,1,1,2,1,2,2,2,1,1,1,1,1,2,1,2,1,Respondent914
F,2,1,2,2,2,1,1,1,2,2,2,2,1,2,2,1,2,2,2,2,1,Respondent915
D,2,1,1,1,2,1,1,1,1,1,2,2,1,2,1,1,2,1,2,1,1,Respondent916
D,2,1,1,1,1,1,2,2,1,1,2,1,2,1,1,1,1,1,1,1,1,Respondent917
D,2,1,2,2,2,1,1,1,1,1,2,2,1,1,1,1,2,2,2,2,1,Respondent918
D,2,1,2,1,1,1,1,1,1,1,2,2,1,1,1,1,2,2,2,2,1,Respondent919
D,2,1,2,2,1,1,1,1,1,1,2,1,1,2,1,1,1,2,2,1,1,Respondent920
D,2,1,2,2,2,1,1,1,1,1,2,2,1,1,1,1,2,1,2,2,1,Respondent921
D,2,1,2,2,2,1,1,1,1,2,2,2,1,2,1,2,1,1,2,1,1,Respondent922
D,2,1,1,2,2,1,1,1,1,1,2,2,2,2,1,1,2,2,2,2,1,Respondent923
D,2,1,2,1,1,1,1,1,1,1,2,2,1,2,1,1,2,2,2,2,1,Respondent924
D,2,1,1,2,2,1,1,1,1,1,2,2,2,2,1,1,2,2,2,2,1,Respondent925
D,2,1,1,2,2,1,1,1,1,1,2,2,1,1,2,1,2,1,2,1,1,Respondent926
D,2,1,2,2,2,1,1,1,1,1,2,2,1,2,2,1,1,2,2,2,1,Respondent927
D,2,1,1,2,2,1,1,1,1,1,2,2,1,2,1,2,2,2,2,1,1,Respondent928
D,2,1,1,1,2,1,1,1,1,1,2,2,1,1,1,1,1,1,2,1,1,Respondent929
D,2,1,2,2,2,1,1,1,2,1,2,2,2,1,2,1,2,1,2,1,1,Respondent930
D,2,1,2,1,2,1,1,1,2,1,2,2,2,2,1,2,2,2,2,2,1,Respondent931
D,2,1,1,2,1,1,1,2,2,2,2,1,2,2,2,1,2,2,2,2,1,Respondent932
D,2,1,2,2,2,1,1,1,2,1,2,2,1,2,2,1,2,2,2,2,1,Respondent933
B,2,1,1,2,2,1,1,1,1,1,2,2,1,1,1,1,2,2,2,1,1,Respondent934
D,2,1,2,1,1,1,1,2,2,1,1,1,1,1,2,2,2,2,2,2,2,Respondent935
B,2,1,2,2,1,1,1,2,1,1,1,1,1,1,2,1,2,2,1,1,1,Respondent936
D,2,1,1,2,2,1,1,1,1,1,2,2,1,1,1,1,2,2,2,1,1,Respondent937
D,2,1,2,1,2,1,1,1,1,1,2,2,1,2,1,2,2,1,2,1,1,Respondent938
B,2,1,2,2,2,1,1,1,1,1,2,2,2,2,1,2,2,1,2,1,1,Respondent939
D,2,1,2,2,2,1,1,1,1,1,2,2,2,1,1,1,1,2,2,1,1,Respondent940
D,2,1,2,2,2,1,1,1,1,2,2,2,1,1,2,1,2,1,2,1,1,Respondent941
D,2,1,2,2,2,1,1,1,1,1,2,2,1,1,1,2,1,2,2,1,2,Respondent942
D,2,1,2,2,2,1,1,1,1,1,2,2,1,2,1,2,2,1,2,1,1,Respondent943
D,2,1,1,2,2,1,1,1,1,2,1,1,1,1,2,2,1,1,1,1,1,Respondent944
D,2,1,2,1,1,1,2,2,2,1,1,2,1,2,2,1,1,2,2,1,1,Respondent945
D,2,1,2,2,2,1,1,1,1,1,2,1,1,2,1,1,2,1,2,1,1,Respondent946
D,2,1,2,1,2,1,1,1,1,2,1,2,1,1,1,1,2,1,2,2,1,Respondent947
D,2,1,2,1,1,1,1,1,1,1,1,1,2,1,2,1,1,2,1,1,1,Respondent948
D,2,1,1,2,2,1,2,2,2,2,2,2,2,1,1,1,2,2,2,2,2,Respondent949
D,2,1,1,1,1,1,1,1,1,1,1,2,1,2,2,2,1,2,2,1,2,Respondent950
D,2,1,1,2,2,1,1,1,1,1,1,2,1,2,2,2,2,2,2,1,1,Respondent951
D,2,1,1,2,2,1,1,1,1,1,1,2,1,2,2,2,2,2,2,1,1,Respondent952
D,2,1,1,2,2,1,1,1,1,1,1,2,1,2,2,2,2,2,2,1,1,Respondent953
B,2,2,1,2,2,1,1,1,2,1,2,1,2,1,1,2,2,1,1,1,1,Respondent954
D,2,1,2,2,2,1,1,1,1,1,2,2,1,1,1,2,2,2,2,2,1,Respondent955
F,2,1,2,1,1,1,1,1,1,1,2,1,1,1,1,2,1,1,2,2,1,Respondent956
D,2,1,1,1,2,1,1,1,1,1,2,2,1,1,1,2,2,2,2,1,1,Respondent957
B,2,2,2,1,1,1,1,1,2,1,2,2,2,1,1,1,1,2,1,2,1,Respondent958
M,2,2,2,2,2,1,1,2,2,1,2,2,1,1,1,1,1,2,2,2,2,Respondent959
M,2,2,2,2,2,1,2,2,1,2,2,1,1,1,1,2,1,1,2,1,1,Respondent960
B,2,2,2,2,1,1,1,1,1,2,1,1,1,2,2,1,2,1,2,2,1,Respondent961
B,2,2,2,2,2,1,1,1,1,1,2,2,2,1,2,2,2,1,2,1,1,Respondent962
B,2,1,2,1,1,1,1,1,1,2,2,1,2,1,2,1,1,1,2,1,1,Respondent963
M,2,1,2,2,2,1,1,1,2,1,2,2,1,2,2,1,2,1,2,1,1,Respondent964
D,2,1,2,2,2,1,1,1,2,1,2,2,1,2,1,1,2,1,2,1,1,Respondent965
B,2,2,2,2,2,1,2,2,1,1,2,2,1,1,2,1,2,1,2,2,2,Respondent966
B,2,2,2,2,2,1,2,2,2,1,1,1,1,1,1,1,2,2,2,1,1,Respondent967
B,2,2,2,2,2,1,2,1,2,1,2,1,1,2,2,1,2,1,2,2,2,Respondent968
B,2,1,2,2,2,1,2,1,1,1,1,2,2,1,2,2,2,2,2,2,1,Respondent969
M,2,1,2,2,1,1,2,1,2,1,1,1,1,1,1,1,2,2,2,2,1,Respondent970
B,2,1,2,2,2,1,2,1,2,1,2,1,1,2,2,2,2,2,2,2,1,Respondent971
B,2,2,1,1,2,1,1,1,2,1,2,2,1,1,2,2,2,1,2,1,2,Respondent972
B,2,1,1,1,1,1,1,1,1,1,2,2,1,1,1,1,2,2,2,1,1,Respondent973
M,2,1,2,2,2,1,1,2,2,1,2,1,1,2,2,2,1,1,2,1,2,Respondent974
B,2,1,1,2,2,1,1,1,2,1,2,2,1,2,2,2,2,1,1,1,1,Respondent975
B,2,2,1,1,1,1,1,2,1,1,1,1,1,2,2,1,1,1,2,1,2,Respondent976
B,2,2,1,2,2,1,1,1,2,1,2,2,2,1,1,1,1,1,2,2,1,Respondent977
B,2,2,1,1,1,1,1,2,2,1,2,2,1,2,1,1,1,2,1,2,1,Respondent978
B,2,2,1,2,2,1,1,1,1,1,2,2,1,1,2,1,2,2,2,1,2,Respondent979
B,2,2,1,2,2,1,2,1,2,1,2,2,2,2,2,2,2,1,2,1,1,Respondent980
M,2,1,1,2,2,1,1,1,1,1,1,2,1,1,1,1,2,1,2,1,1,Respondent981
M,2,1,1,1,2,1,1,1,2,1,2,2,1,2,1,1,2,1,1,1,1,Respondent982
M,2,1,1,2,2,1,1,1,1,1,2,2,2,1,2,2,2,1,1,1,1,Respondent983
M,2,1,1,2,2,1,1,1,1,1,2,2,1,2,1,1,2,1,2,1,1,Respondent984
B,2,2,1,1,2,1,1,1,1,2,2,2,2,1,1,2,1,2,2,2,1,Respondent985
B,2,2,1,1,2,1,1,1,1,2,2,2,2,1,2,1,1,1,2,1,2,Respondent986
B,2,2,1,1,2,1,2,2,2,1,2,2,2,1,2,2,2,1,2,2,1,Respondent987
B,2,2,2,2,1,1,1,1,1,1,2,2,1,2,1,1,2,1,2,1,2,Respondent988
B,2,2,1,1,2,1,1,1,1,1,2,2,2,1,1,2,2,2,2,1,1,Respondent989
B,2,2,2,2,2,1,1,1,1,1,2,2,2,1,1,2,1,1,2,1,1,Respondent990
B,2,2,2,2,2,1,1,1,1,1,2,1,1,2,2,2,2,1,2,2,2,Respondent991
B,2,2,1,2,2,1,1,1,2,1,2,2,1,2,1,1,2,1,2,1,1,Respondent992
B,2,2,1,1,2,1,1,1,1,1,1,1,2,1,2,1,1,2,2,1,1,Respondent993
B,2,2,1,1,2,1,1,1,2,1,2,2,1,1,2,2,2,1,2,2,2,Respondent994
M,2,2,1,2,2,1,1,1,2,1,2,2,2,1,2,2,2,1,2,1,1,Respondent995
M,2,2,1,2,2,1,2,2,2,2,2,2,2,2,1,1,1,1,1,1,1,Respondent996
B,2,2,1,1,1,1,2,1,1,1,2,1,1,1,2,1,1,2,1,1,1,Respondent997
B,2,1,1,1,2,1,2,1,1,2,1,2,1,1,2,1,2,1,2,1,2,Respondent998
M,2,1,1,2,1,1,1,1,1,1,2,2,2,1,1,1,2,2,2,1,1,Respondent999
B,2,1,1,2,2,1,1,1,1,1,2,2,2,2,2,2,2,2,2,2,1,Respondent1000
B,2,2,1,1,2,1,1,1,2,2,2,2,1,1,1,1,2,1,2,1,1,Respondent1001
B,2,2,1,2,2,1,1,1,2,1,2,2,2,2,2,2,2,1,2,1,2,Respondent1002
M,2,1,1,1,2,1,1,2,2,1,2,2,1,2,2,2,2,2,2,1,1,Respondent1003
M,2,1,1,2,2,1,1,1,2,1,2,2,2,1,2,2,1,2,2,2,1,Respondent1004
M,2,1,1,2,2,1,1,1,2,2,1,2,1,2,2,1,1,2,2,1,2,Respondent1005
B,2,1,1,1,1,1,1,1,1,2,2,1,1,2,2,1,1,1,1,1,1,Respondent1006
M,2,2,1,2,2,1,2,1,1,2,1,2,1,1,1,2,2,1,2,2,1,Respondent1007
B,2,1,1,1,1,1,2,2,1,2,1,2,1,2,1,2,1,1,1,2,1,Respondent1008
B,2,1,1,1,1,1,1,1,1,1,2,2,2,1,2,1,2,1,2,1,1,Respondent1009
B,2,1,2,2,2,1,1,2,2,2,2,1,1,1,2,2,2,2,2,2,2,Respondent1010
B,2,1,1,2,2,1,1,2,2,1,2,2,2,1,2,2,2,2,1,2,1,Respondent1011
F,2,1,2,1,2,1,1,1,2,1,2,1,1,1,1,1,1,1,2,1,1,Respondent1012
B,2,1,1,1,2,1,2,1,2,1,1,2,2,2,2,2,2,1,2,1,1,Respondent1013
F,2,1,1,2,2,1,1,1,1,1,2,2,2,1,2,1,2,2,2,1,1,Respondent1014
B,2,1,1,2,1,1,1,1,1,2,2,2,2,1,2,1,2,2,2,1,1,Respondent1015
F,2,1,1,1,2,1,1,1,1,2,2,2,1,1,1,1,1,1,1,1,1,Respondent1016
F,2,1,2,1,2,1,1,2,2,2,2,2,1,2,2,1,2,2,1,1,1,Respondent1017
F,2,1,2,1,1,1,1,1,1,2,2,2,1,1,2,2,1,1,1,1,2,Respondent1018
F,2,1,1,1,2,1,2,2,1,1,2,2,1,2,1,2,1,2,2,1,2,Respondent1019
F,2,1,1,2,2,1,1,1,1,1,2,2,2,1,1,1,1,1,1,1,1,Respondent1020
F,2,2,2,1,1,1,1,1,1,1,1,2,1,1,2,1,1,1,2,1,1,Respondent1021
B,2,1,2,2,2,1,1,2,2,2,2,2,2,2,1,2,2,2,2,2,1,Respondent1022
B,2,1,2,2,2,1,1,2,2,2,2,2,2,2,2,1,2,2,2,2,1,Respondent1023
F,2,1,2,2,2,1,1,2,2,2,2,2,2,2,1,1,2,2,2,2,1,Respondent1024
B,2,1,2,2,2,1,1,2,2,2,2,2,2,2,2,2,2,2,2,2,1,Respondent1025
B,2,1,1,1,2,1,2,2,1,2,1,2,2,1,1,2,1,2,2,1,2,Respondent1026
B,2,1,1,1,1,1,1,2,2,1,1,1,1,1,1,2,1,1,1,2,1,Respondent1027
B,2,2,2,2,2,1,1,2,1,2,2,2,1,2,1,1,2,1,2,2,1,Respondent1028
B,2,2,2,2,2,1,1,2,1,1,2,2,1,2,1,1,2,1,1,2,1,Respondent1029
B,2,1,2,1,2,1,1,1,1,1,1,2,1,1,1,1,1,1,2,1,1,Respondent1030
B,2,2,2,2,2,1,1,1,1,1,2,2,2,1,1,1,2,1,2,1,1,Respondent1031
B,2,2,2,2,2,1,1,1,2,1,1,2,2,1,1,1,2,1,2,1,1,Respondent1032
B,2,2,2,2,2,1,1,1,1,1,2,2,1,1,2,1,2,1,2,1,1,Respondent1033
B,2,2,2,2,2,1,2,1,1,2,2,2,1,1,1,1,1,1,1,1,1,Respondent1034
B,2,1,2,2,2,1,1,1,1,2,2,2,1,1,1,1,2,1,2,1,1,Respondent1035
B,2,1,1,2,1,1,1,1,1,2,2,2,1,1,2,1,2,1,1,1,1,Respondent1036
B,2,1,2,1,1,1,1,1,2,1,1,2,1,1,2,1,1,1,2,1,1,Respondent1037
B,2,1,2,2,2,1,1,1,1,1,1,1,1,1,2,2,2,1,2,1,1,Respondent1038
B,2,1,1,1,1,1,1,1,1,1,1,1,1,1,1,1,1,1,1,1,1,Respondent1039
B,2,1,2,1,1,1,1,1,1,1,1,1,1,1,1,1,1,1,1,1,1,Respondent1040
B,2,1,2,2,2,1,1,1,1,1,2,2,1,2,2,2,2,2,2,1,1,Respondent1041
B,2,2,2,2,2,1,1,1,2,1,2,1,1,2,1,1,2,2,2,1,1,Respondent1042
B,2,1,1,1,1,1,1,1,2,2,2,1,2,1,2,1,2,1,1,1,1,Respondent1043
B,2,1,1,1,1,1,1,1,1,1,1,1,1,1,1,1,1,1,1,1,1,Respondent1044
B,2,1,1,1,2,1,2,1,2,2,1,2,1,2,1,2,1,2,1,2,1,Respondent1045
B,2,1,1,1,1,1,1,1,1,1,2,2,2,1,2,1,2,1,1,1,1,Respondent1046
B,2,1,1,1,2,1,2,1,2,1,1,1,1,2,1,1,1,1,1,2,1,Respondent1047
B,2,1,1,1,1,1,1,1,1,1,1,1,2,1,1,2,2,1,2,1,2,Respondent1048
B,2,2,2,1,1,1,2,1,2,1,2,2,1,1,2,2,1,1,2,1,1,Respondent1049
B,2,2,2,2,2,1,1,1,1,1,1,2,1,2,1,2,1,1,2,1,1,Respondent1050
B,2,2,2,2,2,1,1,1,1,1,1,2,1,2,1,2,1,1,2,1,1,Respondent1051
B,2,2,2,1,1,1,1,1,1,2,2,2,2,2,2,2,2,2,1,1,1,Respondent1052
B,2,1,1,1,2,1,2,2,1,1,2,1,1,1,2,1,2,1,1,1,2,Respondent1053
B,2,2,1,2,2,1,1,1,1,1,1,1,2,2,2,1,2,1,1,2,1,Respondent1054
B,2,2,1,1,2,1,1,1,1,1,2,2,2,1,1,2,2,1,1,1,1,Respondent1055
B,2,1,1,2,2,1,1,1,1,1,2,2,2,1,2,1,2,2,2,1,1,Respondent1056
B,2,1,1,2,2,1,1,1,1,1,2,1,2,1,2,1,2,2,2,1,1,Respondent1057
B,2,1,2,2,2,1,1,1,2,1,2,2,2,1,2,1,2,1,2,2,1,Respondent1058
B,2,2,2,2,2,1,1,1,1,1,2,2,2,1,1,1,2,1,2,1,1,Respondent1059
B,2,1,1,1,2,1,1,1,1,1,1,1,1,1,2,1,2,1,2,1,1,Respondent1060
B,2,2,2,2,2,1,1,1,1,2,2,2,2,1,2,1,2,2,2,1,1,Respondent1061
B,2,2,2,1,1,1,1,1,1,1,1,2,1,1,1,1,1,1,1,1,1,Respondent1062
B,2,2,2,1,1,1,1,1,1,2,1,1,1,2,1,1,1,1,2,1,1,Respondent1063
B,2,2,2,2,2,1,1,1,2,1,2,2,2,1,2,1,2,2,2,1,1,Respondent1064
B,2,1,2,2,2,1,1,2,2,2,2,2,2,2,2,1,2,2,2,2,1,Respondent1065
B,2,1,2,2,2,1,1,2,2,2,2,2,2,2,2,1,2,2,2,2,1,Respondent1066
B,2,2,1,2,2,1,2,2,1,1,1,2,1,1,2,1,1,1,2,1,1,Respondent1067
B,2,2,2,1,2,1,1,1,1,1,2,1,2,1,2,1,2,1,2,1,2,Respondent1068
B,2,2,2,1,1,1,1,1,1,1,2,1,1,2,1,1,1,1,2,1,1,Respondent1069
B,2,2,2,2,2,1,1,1,1,1,1,1,1,2,2,1,2,1,2,1,2,Respondent1070
B,2,2,1,1,1,1,1,1,2,1,1,2,2,1,2,1,1,1,2,1,1,Respondent1071
B,2,2,2,1,2,1,1,1,1,1,1,2,1,1,2,1,2,2,2,1,1,Respondent1072
B,2,1,1,1,1,1,1,1,1,2,2,2,2,1,2,1,1,2,2,2,1,Respondent1073
B,2,1,2,1,2,1,2,1,2,1,1,2,2,1,2,1,1,2,1,2,1,Respondent1074
B,2,1,2,1,2,1,1,1,1,2,2,2,1,1,2,1,2,1,2,1,1,Respondent1075
B,2,1,2,2,2,1,2,2,1,1,1,2,1,2,2,2,2,2,2,1,1,Respondent1076
B,2,2,2,2,1,1,2,1,1,1,2,1,1,2,2,2,2,1,2,1,1,Respondent1077
B,2,2,2,2,2,1,1,1,2,1,2,2,2,1,2,2,2,2,2,1,1,Respondent1078
B,2,1,2,1,2,1,2,1,2,1,2,2,2,1,2,1,2,1,2,1,1,Respondent1079
B,2,1,2,2,2,1,2,2,2,2,2,2,2,2,2,1,2,2,2,2,1,Respondent1080
B,2,1,2,2,2,1,1,1,2,1,2,2,2,2,1,1,1,2,2,2,1,Respondent1081
B,2,1,2,2,2,1,2,1,1,1,1,1,2,1,2,1,1,1,1,2,1,Respondent1082
B,2,1,1,1,2,1,2,2,2,1,2,2,1,1,2,2,2,2,2,1,1,Respondent1083
B,2,1,2,2,2,1,1,1,1,1,2,2,2,2,2,1,2,2,2,2,1,Respondent1084
B,2,1,2,2,2,1,2,1,1,1,2,1,1,1,2,1,1,1,2,1,1,Respondent1085
B,2,1,2,2,2,1,1,2,2,2,2,2,2,2,2,1,2,2,2,2,1,Respondent1086
B,2,1,1,1,1,1,1,1,1,1,2,2,2,1,1,2,2,2,2,1,1,Respondent1087
B,2,1,2,2,2,1,1,1,2,1,2,2,2,1,2,2,2,1,2,1,1,Respondent1088
B,2,1,2,2,2,1,1,2,2,2,2,2,2,2,2,2,2,2,2,2,2,Respondent1089
B,2,1,1,1,1,1,1,1,1,1,1,2,2,1,2,1,1,1,2,1,1,Respondent1090
B,2,1,2,2,2,1,1,2,2,2,2,2,2,2,2,1,2,2,2,2,1,Respondent1091
B,2,1,2,2,2,1,2,2,2,2,2,2,2,2,2,1,2,2,2,2,1,Respondent1092
B,2,1,1,1,1,1,1,1,1,2,1,2,1,1,2,1,2,1,1,1,1,Respondent1093
B,2,1,2,2,2,1,1,1,2,2,2,2,2,2,2,1,2,2,2,2,1,Respondent1094
B,2,1,2,1,2,1,1,1,1,1,2,1,2,1,2,2,2,2,2,2,1,Respondent1095
B,2,1,2,2,2,1,2,2,2,2,2,2,2,2,2,1,2,2,2,2,1,Respondent1096
B,2,1,2,1,2,1,1,1,2,1,1,2,1,2,2,2,2,2,2,2,1,Respondent1097
B,2,2,2,2,2,1,1,1,1,1,2,2,2,1,1,2,1,1,2,1,1,Respondent1098
B,2,1,2,2,2,1,2,2,2,1,2,2,2,2,2,2,2,2,2,1,2,Respondent1099
M,2,1,2,2,2,1,2,1,2,2,2,2,1,2,2,2,2,2,2,2,1,Respondent1100
B,2,1,2,2,2,1,1,2,2,2,2,2,2,2,2,1,2,2,2,2,1,Respondent1101
B,2,1,1,1,2,1,1,1,2,1,2,2,1,1,2,1,1,2,2,2,1,Respondent1102
B,2,1,2,2,2,1,2,2,2,2,2,2,2,2,2,2,2,2,2,2,1,Respondent1103
B,2,1,2,2,2,1,1,2,2,2,2,2,2,2,1,2,2,2,2,2,1,Respondent1104
B,2,1,1,1,2,1,1,2,2,2,2,2,2,1,1,2,2,2,2,2,1,Respondent1105
B,2,1,2,2,2,1,2,2,2,2,2,2,2,2,2,1,2,2,2,2,1,Respondent1106
B,2,1,1,2,1,1,1,1,1,1,2,2,2,2,1,1,1,1,2,2,1,Respondent1107
B,2,1,2,2,2,1,2,2,2,2,2,2,2,2,2,1,2,2,2,2,2,Respondent1108
B,2,1,1,1,2,1,1,1,2,1,2,2,2,2,2,2,1,1,2,2,1,Respondent1109
B,2,1,2,2,2,1,1,1,2,2,2,2,2,2,2,2,2,2,2,2,1,Respondent1110
B,2,1,2,2,2,1,1,2,2,2,2,2,2,2,2,2,2,2,2,2,2,Respondent1111
B,2,1,2,2,2,1,1,2,2,2,2,2,2,2,2,2,2,2,2,2,2,Respondent1112
B,2,1,2,2,2,1,1,2,2,2,2,2,2,2,2,2,2,2,2,2,2,Respondent1113
B,2,1,2,2,2,1,1,2,2,2,2,2,2,2,2,1,2,2,2,2,1,Respondent1114
B,2,1,2,1,2,1,1,1,2,1,2,2,1,1,2,1,2,2,2,2,1,Respondent1115
B,2,1,2,1,1,1,1,1,1,1,2,2,2,1,1,1,2,1,1,2,1,Respondent1116
F,2,1,1,2,2,1,1,1,1,2,2,2,2,2,2,1,1,1,2,1,1,Respondent1117
B,2,1,1,1,2,1,1,2,2,2,1,2,1,2,2,1,1,2,1,2,1,Respondent1118
B,2,1,1,1,1,1,1,1,2,1,1,1,2,1,2,1,1,2,2,1,1,Respondent1119
B,2,2,1,1,2,1,1,1,2,1,1,2,2,1,2,1,1,1,1,1,1,Respondent1120
B,2,2,2,1,2,1,1,1,1,1,2,2,1,2,2,1,2,2,2,1,1,Respondent1121
B,2,1,1,1,2,1,1,2,2,2,2,2,2,2,2,1,2,2,2,2,1,Respondent1122
B,2,1,1,1,1,1,2,2,1,1,1,1,2,2,1,2,1,1,2,1,1,Respondent1123
B,2,1,2,2,2,1,1,2,2,2,2,2,2,2,2,1,2,2,2,2,1,Respondent1124
B,2,1,2,2,1,1,1,1,2,1,2,2,2,1,2,2,2,1,2,1,1,Respondent1125
B,2,2,2,2,2,1,1,1,1,1,2,2,2,1,2,2,2,1,2,1,1,Respondent1126
B,2,1,1,1,1,1,1,1,2,1,2,2,2,1,2,1,2,1,2,1,1,Respondent1127
B,2,1,1,1,1,1,1,1,1,1,1,2,1,1,2,1,2,1,2,1,1,Respondent1128
B,2,1,2,1,2,1,2,1,2,2,1,2,1,1,2,1,2,1,1,1,1,Respondent1129
B,2,1,2,1,2,1,1,1,1,2,2,2,2,2,2,1,2,1,1,2,1,Respondent1130
B,2,1,1,1,2,1,1,2,1,1,1,1,2,1,1,1,2,1,1,1,1,Respondent1131
B,2,1,2,2,2,1,1,1,2,1,2,2,1,1,2,1,2,2,2,1,1,Respondent1132
B,2,1,2,1,1,1,1,1,1,1,2,2,2,1,1,1,2,1,1,2,1,Respondent1133
B,2,1,1,1,2,1,1,2,2,1,1,1,2,1,2,1,1,1,1,2,1,Respondent1134
B,2,1,2,2,2,1,1,2,2,2,2,2,2,2,2,1,2,2,2,2,1,Respondent1135
B,2,1,2,2,2,1,1,1,1,1,2,2,2,1,2,1,2,1,2,1,1,Respondent1136
B,2,1,2,1,2,1,1,1,1,1,2,2,2,1,2,1,2,1,2,1,1,Respondent1137
B,2,1,1,1,1,1,1,1,2,1,1,1,1,1,2,1,2,1,2,1,2,Respondent1138
B,2,1,2,2,2,1,1,1,1,1,2,2,1,1,1,1,2,2,2,1,1,Respondent1139
B,2,2,1,1,1,1,1,1,2,1,2,2,2,2,2,2,2,1,2,2,1,Respondent1140
B,2,2,1,1,1,1,1,1,2,1,2,2,1,1,2,1,1,1,2,1,1,Respondent1141
B,2,1,2,2,2,1,1,2,2,2,2,2,2,2,1,2,2,2,2,2,1,Respondent1142
B,2,1,2,1,1,1,1,1,1,1,1,2,1,1,2,1,2,1,2,1,2,Respondent1143
B,2,1,2,2,2,1,2,1,1,2,2,2,1,1,1,1,1,2,2,1,1,Respondent1144
B,2,1,2,1,1,1,1,1,2,1,1,2,1,2,1,2,2,2,2,1,1,Respondent1145
B,2,2,2,2,2,1,1,1,1,1,2,2,1,2,1,1,2,1,2,2,1,Respondent1146
B,2,1,2,1,1,1,1,2,2,1,1,1,2,2,2,1,1,2,2,1,2,Respondent1147
B,3,1,1,1,2,1,2,1,2,1,2,2,2,1,2,1,2,2,2,2,1,Respondent1148
B,3,1,2,1,2,1,1,1,2,1,2,2,2,1,2,1,2,2,2,2,1,Respondent1149
B,3,1,2,1,2,1,2,1,2,1,2,2,2,1,2,1,2,2,2,2,1,Respondent1150
B,3,1,1,1,2,1,1,1,1,1,2,2,2,2,2,1,1,2,2,2,1,Respondent1151
M,3,1,2,1,2,1,2,1,2,1,2,2,2,2,1,1,1,2,2,2,2,Respondent1152
F,1,2,1,1,2,2,2,1,1,1,2,2,2,1,1,1,2,1,1,2,1,Respondent1153
F,1,2,2,2,2,2,2,1,2,1,1,2,1,1,1,1,2,1,1,2,2,Respondent1154
F,1,2,2,2,2,2,2,1,2,1,1,1,1,1,1,1,1,2,2,2,2,Respondent1155
F,1,2,2,2,2,2,2,1,2,1,1,1,1,1,1,1,1,2,2,2,2,Respondent1156
F,1,2,1,2,2,2,2,1,2,1,2,2,2,2,2,2,1,2,1,1,1,Respondent1157
F,1,2,1,2,2,2,2,1,2,1,2,2,2,1,2,1,2,1,1,1,1,Respondent1158
F,1,2,1,2,2,2,2,1,2,1,2,2,2,1,1,1,2,1,2,1,1,Respondent1159
F,1,2,1,2,2,2,2,1,2,1,2,2,2,1,1,1,2,1,2,2,2,Respondent1160
F,1,2,1,2,2,2,2,1,2,1,2,2,1,1,1,1,1,1,1,2,1,Respondent1161
F,1,2,2,1,1,2,1,1,1,2,1,2,2,2,1,1,1,2,2,2,1,Respondent1162
F,1,2,2,2,2,2,1,1,2,1,2,2,2,1,1,1,2,2,1,2,1,Respondent1163
F,1,2,2,2,2,2,1,1,2,1,2,2,1,1,1,1,2,2,2,2,1,Respondent1164
F,1,2,2,2,2,2,1,1,2,1,2,2,2,1,2,1,2,2,2,2,1,Respondent1165
F,1,2,2,1,2,2,1,1,2,1,2,2,2,1,2,1,2,1,2,2,1,Respondent1166
A,1,1,1,1,2,2,1,2,2,2,2,2,2,2,2,2,2,2,2,2,2,Respondent1167
A,1,1,1,1,2,2,2,2,2,1,1,2,2,2,2,2,2,2,2,2,1,Respondent1168
F,1,1,2,2,2,2,1,1,1,2,1,1,1,1,2,2,2,2,1,1,1,Respondent1169
F,1,1,2,1,2,2,2,1,2,2,2,2,2,1,2,2,1,2,1,2,1,Respondent1170
F,1,1,2,2,2,2,1,2,1,2,2,1,2,1,2,2,2,1,2,1,2,Respondent1171
F,1,1,1,1,1,2,1,1,1,2,1,2,2,1,1,2,1,1,2,2,1,Respondent1172
F,1,1,1,1,2,2,1,1,1,2,1,2,2,1,2,2,2,2,2,1,1,Respondent1173
F,1,1,1,1,2,2,1,1,2,1,1,1,1,2,1,2,1,1,1,1,1,Respondent1174
F,1,1,1,2,2,2,1,1,1,1,2,2,2,2,2,1,2,2,2,1,1,Respondent1175
F,1,1,1,2,2,2,1,1,2,1,1,1,1,1,1,1,2,1,1,1,1,Respondent1176
F,1,1,1,2,1,2,2,2,2,1,2,1,1,1,1,1,1,1,1,2,1,Respondent1177
F,1,1,1,1,1,2,1,1,2,1,2,2,2,1,2,2,1,2,2,2,1,Respondent1178
F,1,1,1,1,2,2,2,1,1,1,2,2,1,1,1,1,1,2,2,1,1,Respondent1179
A,1,1,1,1,2,2,1,2,1,2,2,2,1,2,2,2,1,1,1,2,2,Respondent1180
A,1,1,1,2,1,2,1,1,2,2,1,2,2,1,2,1,2,1,2,1,2,Respondent1181
A,1,1,1,1,1,2,1,1,1,1,1,1,2,2,1,2,1,1,1,1,2,Respondent1182
A,1,1,1,1,2,2,1,1,1,2,1,2,2,2,2,1,2,1,2,2,1,Respondent1183
A,1,1,1,1,2,2,2,1,2,2,1,2,1,2,1,2,1,1,1,2,2,Respondent1184
A,1,2,2,1,2,2,1,2,1,2,1,2,2,1,2,2,1,2,2,1,2,Respondent1185
A,1,1,1,1,1,2,2,1,1,1,1,2,1,2,2,1,1,1,2,2,1,Respondent1186
C,1,1,2,1,2,2,2,1,2,1,2,2,2,1,2,2,2,1,2,1,2,Respondent1187
C,1,1,1,2,2,2,2,1,1,2,2,2,2,2,2,2,2,2,2,1,1,Respondent1188
C,1,1,1,1,1,2,2,1,2,1,2,1,2,2,1,2,2,2,1,1,2,Respondent1189
C,1,1,1,1,1,2,2,1,2,2,1,1,2,2,2,1,1,2,2,1,1,Respondent1190
C,1,1,1,1,1,2,1,1,1,2,2,1,2,2,2,1,2,2,1,2,2,Respondent1191
C,1,1,1,1,1,2,1,1,1,1,2,2,1,1,2,1,1,2,1,2,1,Respondent1192
C,1,1,1,1,2,2,2,2,1,2,2,2,1,1,1,2,1,2,1,1,1,Respondent1193
C,1,1,1,1,2,2,2,2,1,2,2,2,1,1,1,2,1,2,1,1,1,Respondent1194
A,1,1,1,1,2,2,2,1,2,2,2,1,2,2,2,1,1,2,2,2,2,Respondent1195
C,1,1,1,2,1,2,2,2,2,1,2,1,2,2,2,2,2,1,2,2,2,Respondent1196
C,1,1,1,1,2,2,2,2,2,2,1,2,2,1,2,2,2,2,2,2,2,Respondent1197
C,1,1,1,1,1,2,1,1,1,1,1,2,2,2,1,1,2,1,2,2,2,Respondent1198
C,1,1,1,1,1,2,1,1,2,2,1,2,1,1,2,1,2,1,2,1,2,Respondent1199
C,1,1,1,2,2,2,1,2,1,2,2,2,2,2,2,2,2,2,2,2,2,Respondent1200
C,1,1,1,2,2,2,2,2,1,1,2,1,1,2,2,1,2,1,2,1,2,Respondent1201
C,1,1,1,2,2,2,1,2,1,1,2,2,2,1,1,1,2,2,1,1,2,Respondent1202
C,1,1,1,2,2,2,2,1,1,2,2,2,2,1,1,1,2,2,2,2,2,Respondent1203
C,1,1,1,1,1,2,2,1,2,2,1,2,1,2,1,2,1,1,1,2,1,Respondent1204
C,1,1,1,1,1,2,2,1,2,2,2,1,2,1,2,1,1,1,1,2,1,Respondent1205
C,1,1,1,2,2,2,1,1,1,2,2,2,1,2,1,1,2,1,1,2,2,Respondent1206
C,1,1,1,1,1,2,2,2,2,1,2,1,2,1,2,1,1,2,2,1,2,Respondent1207
C,1,1,1,1,2,2,2,1,2,2,1,2,1,1,2,2,1,2,1,1,2,Respondent1208
C,1,1,1,1,1,2,2,2,1,2,2,2,2,1,1,1,1,1,2,2,2,Respondent1209
A,1,1,1,1,1,2,1,2,1,2,2,2,2,1,1,1,2,1,2,1,2,Respondent1210
C,1,1,1,1,2,2,1,2,2,1,2,2,1,2,2,1,2,1,2,2,1,Respondent1211
B,1,1,1,1,2,2,2,1,2,1,1,1,2,1,2,2,2,1,1,2,1,Respondent1212
C,1,1,1,1,2,2,1,2,1,2,2,2,1,1,1,1,1,2,2,1,1,Respondent1213
C,1,1,1,1,1,2,2,2,1,1,1,2,2,2,1,1,2,1,1,2,2,Respondent1214
C,1,1,1,1,2,2,1,1,2,1,1,2,1,2,2,1,1,1,2,2,1,Respondent1215
C,1,2,1,1,2,2,2,1,1,1,2,2,2,1,2,2,1,2,1,1,1,Respondent1216
A,1,1,1,1,2,2,1,1,2,1,2,2,1,2,2,1,2,2,1,2,1,Respondent1217
F,1,1,1,1,1,2,1,1,1,1,2,2,1,1,2,1,1,2,2,1,1,Respondent1218
F,1,2,1,2,2,2,1,1,1,1,2,2,1,1,1,1,1,2,2,2,1,Respondent1219
F,1,2,1,1,2,2,1,1,1,1,2,2,2,1,1,1,2,2,2,2,1,Respondent1220
F,1,2,1,2,2,2,1,1,2,1,2,2,1,1,1,1,2,2,2,2,1,Respondent1221
F,1,2,1,1,1,2,1,1,1,1,2,2,2,1,1,1,2,2,2,2,1,Respondent1222
F,1,2,1,2,2,2,1,1,1,1,2,2,2,1,1,1,1,2,2,2,1,Respondent1223
F,1,2,1,2,2,2,1,1,1,1,2,2,2,2,1,1,2,2,2,2,1,Respondent1224
F,1,2,1,1,2,2,1,1,1,1,2,2,2,2,1,1,2,2,1,2,1,Respondent1225
F,1,2,1,2,2,2,1,1,1,1,2,2,2,2,1,1,2,2,2,2,1,Respondent1226
F,1,2,1,1,2,2,1,2,2,1,2,2,1,1,2,1,1,2,2,1,1,Respondent1227
F,1,2,1,2,2,2,1,1,1,1,2,2,1,2,1,1,2,2,2,1,1,Respondent1228
F,1,2,1,2,2,2,1,1,1,1,2,2,1,2,1,1,1,1,2,2,1,Respondent1229
F,1,2,1,1,2,2,1,1,1,1,2,2,2,1,1,1,1,2,1,2,1,Respondent1230
F,1,2,1,1,2,2,1,1,1,1,2,2,1,1,2,1,2,1,2,1,1,Respondent1231
F,1,2,1,1,2,2,1,1,1,1,2,2,2,1,1,1,2,2,2,2,1,Respondent1232
F,1,1,1,2,2,2,1,1,1,1,2,2,2,1,1,1,1,2,2,1,1,Respondent1233
F,1,1,2,1,1,2,2,2,1,1,2,2,2,1,1,2,1,1,1,2,1,Respondent1234
F,1,2,2,1,2,2,2,1,1,2,2,2,1,1,2,1,2,2,2,2,2,Respondent1235
C,1,1,2,2,1,2,2,2,1,2,2,1,2,2,1,2,2,1,2,2,1,Respondent1236
C,1,2,2,2,2,2,2,1,1,2,2,1,2,2,1,1,2,2,1,1,2,Respondent1237
C,1,1,2,1,2,2,2,1,1,1,2,2,2,2,2,2,2,2,2,2,1,Respondent1238
F,1,1,2,1,2,2,2,1,2,1,2,1,1,1,2,1,2,2,2,1,1,Respondent1239
F,1,1,2,1,1,2,1,2,1,2,1,2,1,2,1,2,2,1,1,2,1,Respondent1240
F,1,2,2,1,1,2,1,1,1,1,2,1,1,2,1,2,2,1,2,1,1,Respondent1241
F,1,2,2,1,1,2,1,1,1,1,2,2,1,1,1,2,1,1,2,1,1,Respondent1242
F,1,2,2,1,1,2,1,1,1,1,2,1,2,1,1,1,1,1,2,1,2,Respondent1243
F,1,2,2,1,2,2,2,1,1,2,1,2,2,2,2,2,1,1,2,1,1,Respondent1244
F,1,2,2,1,1,2,2,1,1,2,1,2,2,1,2,2,1,1,2,1,1,Respondent1245
F,1,2,2,1,1,2,2,1,1,1,2,2,1,1,1,2,2,1,2,2,1,Respondent1246
F,1,2,2,1,1,2,2,2,1,2,1,2,1,1,1,1,1,2,2,1,2,Respondent1247
F,1,1,2,1,2,2,1,1,1,1,2,1,2,2,1,1,1,2,2,1,2,Respondent1248
C,1,1,2,2,2,2,1,1,1,1,2,1,2,2,1,2,1,1,1,2,2,Respondent1249
C,1,1,2,2,2,2,1,1,1,1,2,2,1,1,1,2,1,2,2,1,1,Respondent1250
C,1,1,2,1,2,2,1,1,1,1,1,2,1,2,1,2,1,1,2,1,1,Respondent1251
C,1,1,2,1,2,2,1,2,2,2,2,2,1,1,2,1,2,2,1,1,2,Respondent1252
C,1,1,2,1,2,2,2,1,2,1,2,2,2,2,1,2,1,1,2,1,1,Respondent1253
C,1,1,2,2,2,2,1,1,1,1,2,1,2,2,2,1,2,2,1,1,2,Respondent1254
C,1,1,2,1,2,2,1,2,1,2,2,1,1,1,1,2,1,2,2,1,1,Respondent1255
C,1,1,2,1,2,2,1,2,1,1,2,2,1,1,1,2,1,1,2,1,1,Respondent1256
C,1,1,2,2,2,2,2,1,1,1,2,1,1,1,2,1,2,2,2,1,2,Respondent1257
C,1,1,2,1,2,2,1,2,1,2,2,2,1,1,2,2,2,1,2,2,1,Respondent1258
C,1,2,2,2,1,2,2,1,2,2,1,1,2,1,2,2,1,1,1,2,2,Respondent1259
C,1,2,2,1,2,2,1,1,2,2,1,2,2,2,2,2,2,2,2,1,1,Respondent1260
C,1,2,2,1,1,2,2,2,1,2,1,1,2,2,2,1,2,1,2,2,2,Respondent1261
C,1,2,2,1,1,2,1,2,2,1,2,1,1,2,1,2,1,2,1,1,1,Respondent1262
C,1,2,2,1,1,2,2,1,2,2,1,1,1,2,1,2,1,1,2,2,1,Respondent1263
C,1,1,2,2,1,2,2,2,1,1,2,2,1,1,2,2,2,1,1,1,2,Respondent1264
C,1,1,2,2,2,2,2,1,1,2,1,1,2,1,2,1,2,1,1,2,1,Respondent1265
C,1,1,2,2,1,2,2,1,1,1,2,2,2,1,2,2,1,1,2,2,1,Respondent1266
C,1,2,2,2,1,2,1,2,1,2,1,2,1,1,2,1,1,2,1,1,2,Respondent1267
C,1,1,2,1,2,2,1,1,1,1,2,2,2,2,1,1,1,2,2,1,2,Respondent1268
C,1,2,2,2,2,2,2,2,2,2,2,2,2,2,2,2,2,2,2,2,2,Respondent1269
F,1,2,2,2,2,2,2,1,1,2,1,2,2,2,2,2,1,2,2,2,1,Respondent1270
F,1,2,2,1,2,2,2,2,2,2,2,2,2,2,2,2,2,2,2,2,1,Respondent1271
F,1,1,2,2,2,2,2,2,1,1,2,2,2,2,1,2,1,2,1,1,1,Respondent1272
F,1,1,2,2,2,2,1,1,2,1,2,2,2,2,2,1,2,1,2,1,1,Respondent1273
F,1,2,2,2,2,2,2,2,1,2,1,2,2,2,2,2,2,2,2,2,1,Respondent1274
F,1,2,2,2,2,2,2,1,1,2,2,1,2,2,2,1,1,2,2,2,1,Respondent1275
F,1,1,2,2,2,2,2,2,2,2,2,2,1,2,1,2,2,1,1,1,2,Respondent1276
F,1,1,2,2,2,2,2,1,2,2,2,2,2,2,1,1,2,1,2,2,2,Respondent1277
C,1,2,2,2,2,2,1,1,1,2,2,2,2,2,1,1,1,2,1,2,1,Respondent1278
C,1,2,2,2,2,2,1,2,1,1,2,2,2,2,2,1,2,2,2,1,2,Respondent1279
C,1,2,1,2,2,2,1,2,2,2,1,1,2,2,1,2,1,2,1,2,1,Respondent1280
C,1,1,1,2,2,2,1,1,1,1,2,2,1,2,1,1,2,2,2,1,1,Respondent1281
C,1,1,1,2,2,2,1,1,1,1,1,2,2,1,1,1,1,1,2,1,1,Respondent1282
C,1,1,1,1,1,2,1,2,2,1,2,2,1,2,1,1,1,1,2,1,1,Respondent1283
A,1,2,1,1,2,2,2,1,2,1,2,1,2,1,2,1,2,2,2,2,1,Respondent1284
A,1,2,1,1,2,2,1,1,1,1,1,1,1,1,1,1,1,1,2,1,1,Respondent1285
A,1,2,1,1,1,2,1,1,1,1,1,2,1,2,1,2,1,1,2,2,1,Respondent1286
C,1,1,2,1,2,2,2,2,2,1,2,1,2,1,2,1,2,1,2,2,2,Respondent1287
A,1,2,2,2,2,2,2,2,2,1,2,2,1,1,2,1,1,2,2,2,2,Respondent1288
C,1,2,1,2,2,2,2,2,2,2,1,1,2,1,1,1,2,1,1,2,2,Respondent1289
C,1,1,1,2,2,2,2,2,2,2,1,2,2,1,2,2,2,2,2,2,2,Respondent1290
F,1,1,1,2,2,2,2,2,2,2,1,1,2,2,1,2,1,1,2,1,2,Respondent1291
C,1,2,1,1,2,2,2,1,1,1,2,1,1,1,2,1,1,1,2,1,2,Respondent1292
C,1,2,1,1,2,2,1,1,1,2,2,1,2,2,1,2,2,2,1,1,1,Respondent1293
C,1,2,1,1,2,2,1,2,1,2,1,1,2,1,1,2,1,1,2,1,2,Respondent1294
C,1,1,1,1,2,2,1,1,1,1,2,2,1,2,2,2,2,2,2,1,1,Respondent1295
C,1,2,1,1,2,2,1,1,2,1,2,2,1,1,2,1,1,2,2,1,1,Respondent1296
C,1,1,1,1,1,2,1,2,1,2,1,2,2,1,2,2,2,2,1,2,1,Respondent1297
C,1,2,1,1,1,2,2,2,1,2,2,2,1,1,2,2,1,2,2,1,2,Respondent1298
C,1,2,1,1,2,2,2,1,1,2,2,2,2,2,2,1,1,1,1,1,1,Respondent1299
C,1,2,1,2,2,2,1,1,1,1,2,2,2,2,1,1,1,2,2,2,1,Respondent1300
C,1,2,1,2,2,2,1,1,1,1,2,1,2,2,2,1,1,1,2,2,1,Respondent1301
C,1,2,1,1,2,2,1,1,2,1,2,2,1,1,2,2,2,1,2,1,2,Respondent1302
C,1,2,1,1,2,2,1,2,1,2,2,2,1,2,2,2,2,2,2,1,1,Respondent1303
C,1,2,1,1,1,2,2,2,2,1,1,1,2,1,1,2,1,1,2,1,1,Respondent1304
C,1,1,1,1,1,2,1,1,1,1,2,2,1,1,2,1,2,2,2,1,1,Respondent1305
C,1,1,1,1,2,2,1,2,1,1,2,2,1,1,1,1,2,1,2,1,1,Respondent1306
C,1,2,1,2,2,2,1,1,1,1,1,2,1,1,1,1,1,1,2,2,2,Respondent1307
C,1,2,2,2,2,2,1,2,1,1,2,2,2,2,2,2,1,1,2,2,1,Respondent1308
C,1,2,1,1,1,2,1,1,2,2,1,1,1,2,2,1,2,1,1,1,2,Respondent1309
F,1,2,2,2,2,2,1,1,2,1,2,2,1,1,2,1,1,2,2,1,2,Respondent1310
C,1,1,1,1,1,2,1,1,1,2,2,2,2,1,1,2,2,2,2,1,1,Respondent1311
C,1,1,1,2,2,2,1,1,1,1,2,1,1,2,2,2,1,2,2,2,1,Respondent1312
C,1,2,1,2,2,2,1,2,1,1,1,2,2,1,2,1,2,1,1,1,1,Respondent1313
F,1,2,1,1,1,2,1,2,1,1,2,1,2,1,1,2,1,1,1,1,2,Respondent1314
C,1,2,1,2,1,2,1,1,2,2,2,1,1,1,1,2,2,1,2,1,2,Respondent1315
C,1,1,1,2,2,2,1,1,2,1,2,1,1,2,2,2,1,2,2,2,1,Respondent1316
C,1,1,1,2,2,2,1,1,1,2,2,2,1,1,2,2,2,1,1,1,1,Respondent1317
F,1,1,1,1,1,2,1,1,1,2,1,2,2,2,1,1,2,1,2,2,2,Respondent1318
F,1,1,1,2,2,2,2,2,1,2,2,2,1,1,2,2,1,1,2,2,2,Respondent1319
C,1,2,1,2,2,2,1,1,1,1,1,1,1,1,1,2,2,1,1,1,1,Respondent1320
A,1,2,1,2,2,2,2,1,1,1,2,2,1,1,2,1,1,1,2,2,2,Respondent1321
C,1,2,1,1,1,2,2,2,1,2,1,1,1,1,2,2,1,1,1,1,1,Respondent1322
C,1,2,1,1,2,2,2,2,1,1,2,1,1,1,2,2,2,1,1,2,2,Respondent1323
C,1,2,1,2,2,2,1,1,1,1,2,1,2,2,1,1,1,2,2,2,1,Respondent1324
C,1,2,1,2,2,2,1,1,1,1,2,1,1,2,1,1,2,2,1,1,2,Respondent1325
C,1,2,1,2,2,2,1,1,2,1,1,2,2,1,1,2,2,1,1,2,2,Respondent1326
C,1,2,1,2,2,2,1,1,2,1,2,1,2,1,2,1,2,1,2,1,2,Respondent1327
C,1,2,1,2,2,2,1,1,1,2,1,2,1,2,2,1,1,1,2,2,2,Respondent1328
A,1,2,1,2,2,2,2,1,1,2,2,2,2,1,1,1,2,2,2,2,2,Respondent1329
A,1,2,1,1,1,2,2,2,1,2,2,2,1,1,1,2,2,2,1,1,1,Respondent1330
A,1,2,1,2,2,2,1,1,2,1,1,2,1,1,2,2,2,1,1,2,1,Respondent1331
A,1,2,1,2,2,2,1,1,2,1,1,1,2,1,1,1,2,2,1,2,1,Respondent1332
A,1,2,1,1,1,2,1,1,2,1,2,1,2,1,1,2,1,1,2,1,1,Respondent1333
A,1,2,1,1,1,2,1,1,1,1,1,1,2,2,2,1,1,1,2,1,2,Respondent1334
B,1,2,1,2,2,2,1,1,1,2,2,2,2,2,1,2,1,1,2,1,2,Respondent1335
F,2,2,1,1,2,2,2,1,2,1,1,1,1,1,1,1,2,2,2,1,1,Respondent1336
B,2,1,1,1,1,2,2,2,2,1,2,2,2,2,2,2,2,1,2,1,2,Respondent1337
F,2,2,1,2,2,2,1,1,1,2,1,2,2,1,1,2,1,1,2,2,2,Respondent1338
F,2,1,1,2,2,2,1,1,1,2,2,2,2,2,2,2,2,2,2,2,1,Respondent1339
A,2,1,1,2,2,2,1,1,1,2,2,2,2,2,2,2,2,2,2,2,2,Respondent1340
C,2,1,1,1,1,2,2,1,1,2,1,2,2,2,1,2,1,2,2,1,1,Respondent1341
B,2,1,2,1,2,2,2,1,2,2,2,1,2,1,2,1,2,2,1,2,1,Respondent1342
B,2,2,2,1,2,2,1,1,2,2,2,1,2,2,1,2,1,1,2,1,2,Respondent1343
C,2,1,1,1,2,2,2,1,1,1,2,2,2,2,2,2,2,2,2,1,1,Respondent1344
M,2,1,1,1,1,2,2,1,1,1,1,2,1,1,2,1,2,2,2,2,1,Respondent1345
C,2,1,1,2,1,2,2,1,1,1,2,1,2,2,2,1,2,1,2,1,2,Respondent1346
C,2,1,1,1,2,2,1,2,1,1,2,1,1,1,2,2,2,2,1,1,1,Respondent1347
C,2,1,1,1,1,2,2,2,2,2,2,1,2,2,2,2,2,2,2,1,2,Respondent1348
C,2,2,2,1,2,2,2,2,1,1,1,2,2,2,1,2,2,2,2,2,2,Respondent1349
C,2,1,1,1,1,2,2,2,2,2,1,2,2,2,2,2,2,2,1,2,2,Respondent1350
M,2,1,1,2,2,2,2,2,1,2,2,2,1,1,1,1,2,2,2,1,1,Respondent1351
C,2,1,1,1,1,2,1,2,2,2,1,1,1,2,2,1,1,2,2,1,2,Respondent1352
C,2,1,1,1,1,2,2,1,1,2,2,2,1,1,2,2,1,1,2,2,1,Respondent1353
C,2,1,1,1,2,2,2,2,2,2,2,2,1,2,2,2,2,2,2,1,1,Respondent1354
F,2,1,1,2,2,2,2,2,2,2,2,2,2,2,2,2,2,2,2,1,1,Respondent1355
C,2,1,1,1,1,2,1,2,2,1,2,2,2,2,2,2,2,2,1,1,1,Respondent1356
C,2,1,1,1,1,2,1,2,1,1,1,2,1,2,1,1,2,2,1,2,2,Respondent1357
A,2,1,1,1,1,2,1,1,1,1,2,2,2,1,1,1,2,2,2,2,1,Respondent1358
A,2,2,1,2,2,2,2,1,1,1,1,1,2,1,2,1,1,1,2,2,1,Respondent1359
C,2,2,2,1,1,2,2,1,1,2,2,1,1,1,1,1,1,2,2,1,1,Respondent1360
C,2,1,1,1,2,2,2,1,2,1,1,2,1,1,2,1,2,1,1,1,2,Respondent1361
C,2,1,1,1,2,2,1,1,1,1,2,2,2,1,2,2,1,2,2,1,2,Respondent1362
C,2,1,1,2,1,2,2,2,2,1,1,1,2,2,2,1,2,1,2,1,2,Respondent1363
A,2,2,1,1,2,2,2,1,2,2,2,1,2,2,2,1,2,1,1,2,1,Respondent1364
C,2,2,1,1,1,2,2,1,1,2,2,1,2,2,1,1,2,2,1,1,2,Respondent1365
C,2,1,1,2,2,2,1,2,1,2,2,1,1,1,2,2,2,1,1,2,1,Respondent1366
C,2,2,2,2,2,2,2,2,1,1,2,1,1,1,2,2,1,2,2,2,2,Respondent1367
D,2,2,2,1,1,2,2,2,2,1,2,1,2,2,1,1,1,2,1,2,1,Respondent1368
D,2,1,1,1,2,2,2,1,1,2,1,1,1,2,2,2,1,1,1,2,2,Respondent1369
D,2,1,1,2,2,2,1,1,1,1,2,2,2,1,2,1,2,1,2,1,1,Respondent1370
D,2,1,1,2,2,2,1,1,1,1,2,2,2,1,1,2,2,2,1,1,1,Respondent1371
B,2,1,2,2,1,2,1,1,1,1,2,1,1,1,1,2,1,1,2,1,1,Respondent1372
B,2,1,1,1,1,2,1,1,2,1,1,1,1,2,1,1,1,2,1,2,1,Respondent1373
B,2,1,1,2,2,2,1,1,2,1,2,1,1,2,1,1,2,1,1,2,1,Respondent1374
D,2,1,2,2,2,2,1,1,1,1,2,2,1,2,1,1,1,2,2,1,1,Respondent1375
D,2,2,1,2,2,2,1,1,1,2,1,2,1,2,1,1,1,2,2,2,2,Respondent1376
B,2,1,1,1,1,2,1,1,1,2,2,1,1,2,2,1,1,2,1,2,2,Respondent1377
M,2,1,2,2,1,2,1,1,2,2,1,2,1,2,2,1,2,1,2,1,2,Respondent1378
M,2,2,1,1,2,2,1,1,1,1,1,1,1,1,2,1,1,2,2,2,2,Respondent1379
M,2,1,1,2,2,2,1,1,2,2,2,1,1,2,2,2,2,2,2,1,1,Respondent1380
M,2,2,2,2,2,2,2,1,2,2,2,1,2,2,1,2,2,1,2,1,2,Respondent1381
B,2,1,1,2,2,2,1,1,2,2,1,1,2,2,1,2,1,2,1,2,1,Respondent1382
M,2,2,1,2,2,2,2,2,1,1,1,2,2,1,2,1,1,1,1,1,1,Respondent1383
B,2,2,1,1,1,2,1,2,1,1,2,2,1,1,2,1,2,1,2,1,1,Respondent1384
F,2,2,1,2,2,2,1,2,2,2,2,1,2,1,2,1,2,1,2,1,2,Respondent1385
M,2,1,1,1,2,2,1,1,2,1,1,1,2,2,1,1,2,2,2,1,1,Respondent1386
B,2,2,1,1,1,2,1,1,2,1,1,2,1,1,1,2,1,2,1,2,1,Respondent1387
B,2,2,1,1,1,2,1,1,2,1,2,2,2,2,2,1,2,2,2,2,1,Respondent1388
B,2,1,1,1,2,2,2,1,2,2,1,2,1,2,2,2,2,2,2,2,2,Respondent1389
M,2,1,1,1,1,2,2,1,2,1,1,2,2,2,1,1,2,1,2,1,2,Respondent1390
M,2,1,1,2,2,2,2,2,2,2,2,2,2,2,2,2,2,2,2,2,2,Respondent1391
B,2,1,1,2,1,2,2,1,2,2,1,2,2,1,2,1,2,1,2,1,2,Respondent1392
M,2,1,1,2,1,2,2,1,2,2,2,2,2,2,1,1,1,1,2,2,2,Respondent1393
B,2,1,2,1,1,2,1,1,1,1,2,2,1,2,1,1,2,1,1,2,1,Respondent1394
B,2,1,1,2,2,2,2,2,2,2,2,2,2,2,2,2,2,2,2,2,2,Respondent1395
B,2,1,1,1,2,2,2,2,2,1,1,1,2,1,1,1,1,1,1,1,2,Respondent1396
B,2,1,1,2,2,2,1,1,1,1,1,2,2,2,2,2,2,2,2,1,1,Respondent1397
B,2,1,1,1,2,2,1,1,1,1,2,2,1,1,1,1,1,2,2,1,1,Respondent1398
B,2,1,1,1,1,2,2,1,2,2,2,2,1,1,2,1,2,2,2,2,1,Respondent1399
F,2,1,1,1,2,2,2,1,1,2,1,2,2,2,1,1,1,2,2,2,2,Respondent1400
F,2,1,1,1,2,2,2,1,2,2,2,2,2,2,2,1,2,2,2,2,1,Respondent1401
B,2,1,1,1,2,2,1,2,1,1,1,2,1,2,2,1,1,1,2,1,1,Respondent1402
B,2,1,2,2,2,2,2,2,1,2,1,2,2,1,1,2,1,2,2,1,2,Respondent1403
B,2,2,2,2,2,2,2,2,2,2,2,2,2,2,2,2,2,2,2,2,2,Respondent1404
B,2,1,1,1,1,2,1,2,1,1,2,1,2,1,2,1,2,1,2,1,2,Respondent1405
B,2,2,2,2,2,2,2,2,2,2,2,2,2,2,2,2,2,2,2,2,2,Respondent1406
B,2,2,2,1,1,2,1,1,2,2,2,2,1,1,2,2,2,2,2,2,1,Respondent1407
B,2,1,1,1,2,2,2,2,2,2,1,1,1,1,2,2,1,2,2,1,1,Respondent1408
B,2,1,1,2,2,2,1,1,1,1,1,1,1,2,2,2,2,1,1,1,1,Respondent1409
B,2,1,1,1,2,2,1,1,1,1,2,1,1,2,1,2,1,2,2,1,1,Respondent1410
B,2,2,1,2,2,2,2,1,1,2,1,2,1,1,2,2,1,1,2,2,1,Respondent1411
B,2,2,1,2,2,2,1,1,1,2,2,2,1,2,1,2,2,2,1,1,2,Respondent1412
B,2,1,1,1,2,2,1,1,1,2,2,2,1,2,1,2,2,2,1,1,2,Respondent1413
B,2,1,1,2,2,2,1,1,1,2,2,2,2,1,2,1,2,2,2,1,1,Respondent1414
B,2,1,2,2,2,2,1,1,2,1,2,2,2,1,2,1,2,2,2,2,1,Respondent1415
B,2,1,1,1,2,2,1,2,2,2,2,2,2,2,2,1,2,2,2,2,1,Respondent1416
B,2,1,1,2,2,2,1,1,1,2,2,1,1,2,2,2,1,2,2,2,1,Respondent1417
B,2,1,2,2,1,2,2,1,2,2,1,2,2,1,1,2,1,2,1,2,1,Respondent1418
B,2,1,2,2,2,2,1,2,2,2,2,2,2,2,2,1,2,2,2,2,1,Respondent1419
B,2,2,2,1,2,2,1,1,1,1,1,1,2,1,2,1,2,1,2,1,2,Respondent1420
B,2,1,2,2,2,2,2,2,2,2,2,2,2,2,2,2,2,2,2,2,2,Respondent1421
B,2,1,2,2,2,2,2,2,1,1,2,2,2,2,2,2,2,2,2,1,2,Respondent1422
B,2,1,2,1,2,2,1,2,2,2,2,2,2,2,2,1,2,2,2,2,1,Respondent1423
B,2,1,2,1,2,2,2,2,1,1,1,2,2,2,1,1,2,1,2,1,1,Respondent1424
B,2,1,2,1,2,2,1,2,2,2,2,2,2,2,2,1,2,2,2,2,1,Respondent1425
B,2,1,2,2,2,2,2,2,2,2,2,2,2,2,2,2,2,1,2,1,1,Respondent1426
B,2,1,2,2,2,2,1,1,1,2,2,2,2,2,1,1,1,2,2,1,1,Respondent1427
B,2,1,1,2,2,2,1,1,1,2,2,2,1,2,2,1,2,2,2,1,2,Respondent1428
B,2,1,2,2,2,2,2,2,2,2,1,2,1,2,1,1,1,1,2,1,2,Respondent1429
B,2,1,2,2,2,2,2,2,2,1,2,1,1,1,1,2,2,1,2,1,1,Respondent1430
B,2,1,2,2,2,2,2,2,1,2,1,2,2,1,1,2,2,2,1,1,2,Respondent1431
B,2,1,2,2,2,2,2,2,1,2,1,2,2,1,2,2,2,1,1,2,2,Respondent1432
B,2,1,1,1,2,2,2,1,1,1,2,2,2,1,2,1,1,2,2,2,1,Respondent1433
B,2,1,1,1,1,2,2,2,1,1,2,1,1,2,1,2,2,2,2,1,2,Respondent1434
B,2,1,2,1,1,2,2,1,1,1,1,1,1,1,1,1,1,1,2,1,1,Respondent1435
B,2,1,1,2,2,2,1,1,1,1,1,2,1,1,2,1,1,2,2,2,1,Respondent1436
B,2,1,2,2,2,2,2,2,2,2,2,2,2,2,1,1,1,1,1,1,1,Respondent1437
B,2,1,2,2,2,2,1,1,1,2,2,2,1,1,1,1,2,2,2,1,1,Respondent1438
B,2,1,1,1,1,2,1,2,1,1,1,2,1,1,1,2,1,1,1,2,1,Respondent1439
B,2,1,1,1,1,2,2,2,2,1,2,1,1,1,1,1,2,1,1,1,2,Respondent1440
B,2,2,2,1,2,2,2,1,1,1,2,2,1,1,2,2,1,1,2,1,1,Respondent1441
B,2,1,1,1,1,2,1,2,1,1,1,1,1,2,2,2,2,2,2,1,1,Respondent1442
B,2,2,1,1,2,2,1,1,1,1,1,1,1,2,2,1,2,1,2,1,1,Respondent1443
B,2,1,2,2,2,2,2,1,1,2,2,2,2,2,2,2,2,2,2,2,1,Respondent1444
B,2,1,1,1,2,2,2,2,2,1,2,1,2,1,2,2,2,2,2,2,2,Respondent1445
F,2,1,2,2,2,2,2,2,2,2,2,2,2,2,2,2,2,2,2,2,2,Respondent1446
B,2,1,2,2,2,2,1,2,2,2,2,2,2,2,2,1,2,2,2,2,1,Respondent1447
B,2,1,1,1,2,2,1,2,2,1,2,2,2,2,2,1,2,2,2,2,1,Respondent1448
B,2,1,2,2,2,2,2,2,2,2,2,2,2,2,2,2,2,2,2,2,2,Respondent1449
B,2,1,2,1,1,2,1,1,1,1,1,1,1,1,2,2,2,1,1,1,2,Respondent1450
B,2,1,2,1,2,2,1,1,1,1,2,1,2,1,1,1,1,1,1,2,1,Respondent1451
B,2,1,2,2,2,2,1,1,2,1,1,2,1,2,1,2,1,2,1,2,1,Respondent1452
B,2,1,1,1,1,2,1,1,1,2,1,1,1,2,2,1,1,1,2,1,1,Respondent1453
B,2,1,1,1,2,2,2,2,2,2,2,2,2,2,2,2,2,2,2,2,1,Respondent1454
B,2,1,1,1,1,2,1,1,1,1,2,2,2,2,2,2,2,2,2,1,2,Respondent1455
M,3,1,1,1,2,2,2,1,1,1,1,2,1,1,1,1,2,2,2,2,2,Respondent1456
C,3,1,2,2,2,2,1,2,2,1,2,2,2,1,2,1,2,2,2,2,1,Respondent1457
C,3,1,2,1,2,2,1,2,1,2,2,2,1,2,2,2,2,2,2,2,1,Respondent1458
C,3,1,1,1,1,2,1,2,1,1,1,1,1,2,2,2,1,1,2,1,1,Respondent1459
C,3,1,1,1,2,2,1,2,1,2,1,2,2,2,1,2,1,2,1,2,1,Respondent1460
A,3,2,1,1,1,2,1,1,2,1,1,2,2,1,1,1,1,2,2,2,1,Respondent1461
A,3,1,1,1,2,2,1,1,2,1,2,2,1,1,2,1,1,2,2,1,2,Respondent1462
M,3,1,1,1,2,2,1,2,1,2,2,2,2,2,2,2,2,2,2,2,2,Respondent1463
M,3,2,1,1,2,2,1,2,2,2,2,2,2,2,2,2,2,2,2,2,2,Respondent1464
M,3,1,1,1,2,2,1,1,1,1,2,2,1,2,2,2,1,1,2,2,1,Respondent1465
M,3,1,2,1,2,2,1,2,2,1,1,2,2,1,1,1,2,2,1,1,2,Respondent1466
